Census Tract,Total Population,California County,ZIP,Approximate Location,Longitude,Latitude,CES 4.0 Score,CES 4.0 Percentile,CES 4.0 Percentile Range,Ozone,Ozone Pctl,PM2.5,PM2.5 Pctl,Diesel PM,Diesel PM Pctl,Drinking Water,Drinking Water Pctl,Lead,Lead Pctl,Pesticides,Pesticides Pctl,Tox. Release,Tox. Release Pctl,Traffic,Traffic Pctl,Cleanup Sites,Cleanup Sites Pctl,Groundwater Threats,Groundwater Threats Pctl,Haz. Waste,Haz. Waste Pctl,Imp. Water Bodies,Imp. Water Bodies Pctl,Solid Waste,Solid Waste Pctl,Pollution Burden,Pollution Burden Score,Pollution Burden Pctl,Asthma,Asthma Pctl,Low Birth Weight,Low Birth Weight Pctl,Cardiovascular Disease,Cardiovascular Disease Pctl,Education,Education Pctl,Linguistic Isolation,Linguistic Isolation Pctl,Poverty,Poverty Pctl,Unemployment,Unemployment Pctl,Housing Burden,Housing Burden Pctl,Pop. Char. ,Pop. Char. Score,Pop. Char. Pctl
6037227010,5705,Los Angeles,90011,Los Angeles,-118.2469968,34.0185256,76.6535544451483,99.8234997478568,95-100% (highest scores),0.04632538,46.994399502178,12.09940492,84.3932794026136,0.565082216,91.8855009334163,787.9403354,92.5315349069564,95.59372496,99.5715185885318,0,0,2762.896647,83.8084521130283,832.5616204,46.5,53.15,96.3979096677865,4.55,27.7768553876806,3.065,96.2409000661813,7,66.7366652666947,7.25,83.9175257731959,70.2117141979963,8.57283635746853,98.5189794648413,68.48,77.3678963110668,5.57,66.0508083140878,21.83,93.2826520438684,63.2,99.6203492786636,28.3,94.7895520368115,68.6,96.8592964824121,8.4,77.7589796980739,39.5,98.4410646387833,86.1971503249783,8.94144612691328,97.3651033787191
6037226001,2615,Los Angeles,90021,Los Angeles,-118.2502739,34.0244835,76.5227620443192,99.8108925869894,95-100% (highest scores),0.04632538,46.994399502178,12.15802236,87.2930927193528,0.628748892,93.8643434971998,787.9403354,92.5315349069564,97.65588113,99.9621928166352,0,0,2607.823324,83.1082770692673,2429.418553,91.9375,49.05,95.5953714072415,8.6,42.1550722231446,4.435,97.445400397088,7,66.7366652666947,9.5,89.8281786941581,75.7583242418543,9.25007634210407,99.6764156813939,72.02,79.9227318045862,5.24,58.5578650243777,13.67,58.3499501495513,44.6,93.3561123766135,28.1,94.6271484639329,71.9,98.0150753768844,9.6,84.5783446121812,40.8,98.871989860583,79.7499582321054,8.2726627558744,92.3600605143722
6037239202,5999,Los Angeles,90001,Los Angeles,-118.2649765,33.9856783,76.2397368207962,99.7730711043873,95-100% (highest scores),0.04490202,39.9875544492844,12.14495497,86.7828251400124,0.231532617,67.3926571250778,787.9403354,92.5315349069564,91.13007675,97.5551354757404,0,0,3873.586792,88.7096774193548,1052.626827,61.2875,127.95,99.6640537513998,44.6,88.0458243400299,0.56,72.9715420251489,0,0,6,79.9541809851088,67.229613783148,8.20872248914821,97.0877411325451,84.75,87.5997008973081,6.38,81.8835001283038,21.32,91.8619142572283,52.9,97.6082004555809,23.3,90.580592773041,57.5,89.6608040201005,9.1,82.3269130661114,46,99.5944233206591,89.534612577356,9.28764943894545,98.9409984871407
6037226002,1820,Los Angeles,90021,Los Angeles,-118.2477686,34.0326196,75.5456955477896,99.7226424609178,95-100% (highest scores),0.04716458,50.5413814561294,12.25156535,89.1972619788426,0.703502823,95.457373988799,787.9403354,92.5315349069564,64.02110818,71.5942028985507,0,0,2428.106649,82.2455613903476,1931.043768,85.9375,58.7,97.2004479283315,28.3,78.1172173335547,6.875,98.7557908669755,7,66.7366652666947,15.05,96.0366552119129,76.4151864921334,9.33027909239104,99.7635345364032,134.16,97.6570289132602,5.83,71.6448550166795,14.79,65.09222333001,25.7,74.4115413819286,24.4,91.8121532007037,44.5,75.4020100502512,8.7,79.7241020301926,21.4,68.5424588086185,78.0549110904944,8.09683127371807,90.4059505799294
6037239201,3753,Los Angeles,90003,Los Angeles,-118.2771699,33.9857805,72.9334365746763,99.457892082703,95-100% (highest scores),0.04490202,39.9875544492844,12.05259566,81.3192283758556,0.784235883,96.5899191039204,787.9403354,92.5315349069564,91.63932226,97.8701953371141,0,0,3780.143188,88.1470367591898,3970.780012,98.675,27.6,87.6633072041807,19.05,66.9599867175826,0.225,39.7749834546658,0,0,1.25,38.991981672394,65.1527230142816,7.95513453880107,95.9551960174238,113.88,95.426221335992,6.38,81.8835001283038,27.88,99.2273180458624,51.8,97.2918248544672,18.3,84.0438489646772,52.7,84.9497487437186,6,57.2488287350338,43.6,99.3916349809886,88.3820952129149,9.16809592835224,98.6006051437216
6037219902,3809,Los Angeles,90016,Los Angeles,-118.368517,34.02931,72.7780146715032,99.4452849218356,95-100% (highest scores),0.04588368,44.9782202862477,11.84882762,71.2258867454885,0.357143826,81.8419415059116,787.9403354,92.5315349069564,79.90575428,89.174543163201,0.136147237,28.2758620689655,2039.298991,79.7699424856214,2253.086852,90.2375,7.1,50.5599104143337,30,79.6945043998008,1.045,85.638649900728,7,66.7366652666947,2.5,59.1752577319588,70.9566184444337,8.6637890179987,98.7803360298693,88.26,89.1076769690927,8.33,97.6648704131383,15.22,67.809072781655,32,82.4601366742597,13.7,73.3658140479091,46.1,77.5753768844221,6.2,59.3831337844872,31.6,92.7122940430925,80.9799455707314,8.40025242077221,93.4947049924357
6037239330,2458,Los Angeles,90001,Los Angeles,-118.2631029,33.9783876,71.2445373289306,99.256177508825,95-100% (highest scores),0.04490202,39.9875544492844,12.14625901,86.8823895457374,0.202791434,62.5140012445551,787.9403354,92.5315349069564,90.5161062,97.0888468809074,0,0,4239.376709,90.2725681420355,1230.505058,69.825,68.15,97.9843225083987,28.25,78.0508052465549,0.445,65.175380542687,0,0,2.7,60.1145475372279,65.0134949864476,7.93813482425731,95.8556316116988,113.45,95.3140578265204,6.68,86.15601744932,27.79,99.0154536390828,50.1,96.5831435079727,7.8,52.5104885640817,61.2,92.4497487437186,6,57.2488287350338,41,98.93536121673,86.5203452292409,8.97497194318519,97.6046394351992
6037208000,7508,Los Angeles,90026,Los Angeles,-118.2560631,34.0625684,69.8143566860454,99.0544629349471,95-100% (highest scores),0.04791979,53.7274424393279,12.53587816,91.275668948351,0.769370291,96.3907902924704,787.9403354,92.5315349069564,58.33828501,63.528670447385,0.046765733,20.551724137931,1906.571736,78.2445611402851,2879.594269,95.275,25.65,86.5808137364688,20,68.4210526315789,0.96,84.7121111846459,7,66.7366652666947,9.2,89.1408934707904,75.6665517787375,9.23887094258621,99.639079029247,41.43,43.8434695912263,7.59,94.5085963561714,10.45,33.5992023928215,31.9,82.3082763857251,18.8,84.7881986737042,59.6,91.4572864321608,10.1,86.7516918271733,35.6,96.5779467680608,72.8468847320523,7.55658966554439,83.8502269288956
6037239310,4501,Los Angeles,90003,Los Angeles,-118.2773062,33.9785291,69.5718894737828,98.9914271306102,95-100% (highest scores),0.04435661,37.5731176104543,12.13275518,86.3845675171126,0.72354785,95.8431860609832,787.9403354,92.5315349069564,93.22796914,98.82797731569,0,0,4144.716634,89.9599899974994,3767.169464,98.3875,14.35,73.8148562896603,8.25,41.4245392661464,0.06,8.76240900066181,0,0,0.9,26.5521191294387,59.9959176964518,7.32548963378692,90.8774113254511,113.88,95.426221335992,6.57,84.526558891455,27.88,99.2273180458624,50.7,96.8109339407745,23.8,91.2166734334822,68.1,96.6206030150754,7,67.4778761061947,38.7,98.1242078580482,91.5550458142424,9.49723403510129,99.457892082703
6037228900,2918,Los Angeles,90058,Los Angeles,-118.2430143,33.9920544,69.5592483216759,98.9788199697428,95-100% (highest scores),0.04588368,44.9782202862477,12.16800708,87.4673304293715,0.267141693,72.6446795270691,787.9403354,92.5315349069564,95.32558646,99.5085066162571,0,0,3601.543335,87.2843210802701,508.4178425,21.525,54.85,96.7338559163867,0.75,4.41640378548896,9.525,99.3249503639974,0,0,8,86.5063001145475,61.2937334158757,7.48395267534429,92.482887367766,80.43,85.468594217348,6.09,77.0464459840903,19.67,86.2911266201396,61.9,99.4811440141736,23.1,90.3369874137231,77.8,99.1457286432161,17,98.204060385216,32.7,94.1571609632446,89.6002026122203,9.29445325741266,98.9914271306102
6037219901,4150,Los Angeles,90016,Los Angeles,-118.3605226,34.0297377,69.5186053899178,98.9662128088754,95-100% (highest scores),0.04588368,44.9782202862477,11.94583615,75.4822650902302,0.2715211,73.3416303671438,787.9403354,92.5315349069564,84.37067902,92.930056710775,0.041901739,19.8965517241379,2082.327657,80.095023755939,3054.125252,96.175,3.9,34.8264277715566,8.05,40.8434335048979,0.345,55.4202514890801,7,66.7366652666947,3.5,66.6895761741122,65.5869471838753,8.0081532236588,96.2787803360299,99.57,92.4850448654038,7.53,94.0338722093918,16.87,75.5234297108674,46.2,94.3685143001772,11.7,67.7222898903776,50.1,81.9095477386935,6.1,58.3550234252993,38,97.7693282636248,83.6861948260944,8.68097842890122,95.738779626828
6037533002,2705,Los Angeles,90001,Florence-Graham,-118.2391487,33.9774904,69.2918976009523,98.9283913262733,95-100% (highest scores),0.04539285,42.5637834474175,12.136112,86.471686372122,0.322089238,78.6060983198506,540.0644535,63.9440489571625,95.17642048,99.4959042218021,0,0,4161.033366,90.0225056264066,1078.399826,62.85,27.9,87.7379619260918,27,76.9550058110576,1.91,92.2832561217737,0,0,1.7,43.2073310423826,63.6750725721505,7.77471371332161,94.835096453018,80.16,85.2691924227318,5.29,59.5586348473184,24.73,97.6321036889332,52.7,97.519615287269,24,91.392610637434,67.6,96.4321608040201,9.5,83.9796980739198,27.4,85.7541191381495,85.9178088872432,8.91246934047537,97.2390317700454
6037228100,5505,Los Angeles,90011,Los Angeles,-118.2439607,34.009617,69.2552850083229,98.915784165406,95-100% (highest scores),0.04632538,46.994399502178,12.15734144,87.255756067206,0.315564307,78.0211574362166,787.9403354,92.5315349069564,92.70233835,98.5003150598614,0,0,3011.45992,84.8837209302326,554.9191044,25.0625,57.05,96.9951474430758,4.75,28.0757097791798,1.92,92.2964923891463,7,66.7366652666947,2.6,59.4272623138603,65.672867138018,8.0186440329934,96.3285625388923,69.35,77.9411764705882,5.26,59.186553759302,21,90.3539381854437,55.5,98.4434320425209,27.4,94.1805386385167,60.3,91.8467336683417,8.1,76.0541384695471,31.8,92.9404309252218,83.2601387769705,8.63678256864453,95.4362077660111
6037532603,3289,Los Angeles,90255,Huntington Park,-118.2333907,33.9846156,69.063775529479,98.8905698436712,95-100% (highest scores),0.04588368,44.9782202862477,12.14111892,86.6957062850031,0.387500983,84.0448039825762,380.4465579,40.0399650305982,91.29886608,97.6811594202899,0,0,3826.773356,88.3970992748187,805.1329156,44.7,53.9,96.5472191116088,9.5,44.8281587248879,9.885,99.470549305096,0,0,13.2,94.6620847651775,62.9119469837458,7.68153623055653,94.0634723086497,60.74,69.9651046859422,6.99,89.7998460354119,24.24,97.0338983050847,54.7,98.1776765375854,25.6,92.9083773176343,59.9,91.5577889447236,7.1,68.4018740239459,28.4,87.6932826362484,86.6737081170869,8.99088065935936,97.7054967221382
6037239501,3729,Los Angeles,90001,Los Angeles,-118.2628927,33.9729857,67.634865736668,98.5249621785174,95-100% (highest scores),0.04490202,39.9875544492844,12.14625901,86.8823895457374,0.17988017,58.2451773490977,787.9403354,92.5315349069564,96.79687517,99.8991808443604,0,0,4610.929932,91.5353838459615,1152.544557,66.5125,23.5,84.9757372153789,17,63.3737340195916,0.23,40.132362673726,0,0,1.5,42.3138602520046,60.0191896891632,7.32833113947448,90.9396390790292,76.06,82.6894317048853,7.37,92.9561200923788,22.09,93.5443668993021,48.4,95.6719817767654,19.8,86.3039653539045,62.1,93.0402010050251,7.7,73.4122852680895,31.5,92.6362484157161,88.9714546313778,9.22923165580618,98.8023197175996
6037533001,4709,Los Angeles,90001,Florence-Graham,-118.24555,33.9802221,67.5629827050827,98.4997478567826,95-100% (highest scores),0.04539285,42.5637834474175,12.15052197,87.0441817050404,0.198458093,61.7548226509023,540.0644535,63.9440489571625,90.4282832,97.0006301197228,0,0,4111.069987,89.809952488122,813.5117297,45.225,42.25,94.1396043299739,6.75,36.808899219658,3.02,96.1350099272005,0,0,2.35,55.7159221076747,59.4651639863311,7.26068471120444,90.1680149346609,80.16,85.2691924227318,6.46,82.9997433923531,24.73,97.6321036889332,54.4,98.1144014173627,18.5,84.2874543239951,62.9,93.6055276381909,8.7,79.7241020301926,38.8,98.149556400507,89.7049440983612,9.30531835390425,99.0166414523449
6037532900,7058,Los Angeles,90001,Florence-Graham,-118.2520343,33.9790503,66.8685593498605,98.3862834089763,95-100% (highest scores),0.04490202,39.9875544492844,12.15052197,87.0441817050404,0.197509694,61.6179215930305,540.0644535,63.9440489571625,96.01075705,99.6849401386263,0,0,4199.929891,90.1725431357839,1010.702094,58.5875,61.5,97.4430757745427,8.8,42.6697658973933,0.775,80.8074123097286,0,0,0.5,22.0847651775487,57.9535587755249,7.07611801521416,87.7286869943995,80.16,85.2691924227318,6.6,85.0269438029253,24.73,97.6321036889332,58,98.9243229562136,33,96.8601975910137,70.6,97.5628140703517,8.4,77.7589796980739,32.1,93.3333333333333,91.0986714173303,9.44989317675148,99.357034795764
6037206200,4001,Los Angeles,90012,Los Angeles,-118.2415978,34.046994,66.3468356716466,98.1593545133636,95-100% (highest scores),0.04791979,53.7274424393279,12.70828375,92.4579962663348,0.772042264,96.4281269446173,787.9403354,92.5315349069564,26.04053657,18.9792060491493,0.054574439,21.6206896551724,2161.44631,80.7076769192298,683.6233014,34.825,24.35,85.7969391564016,31.85,81.0559521832974,1.855,92.0185307743216,7,66.7366652666947,12.85,94.3413516609393,68.9364353678426,8.41712506561457,97.9464841319228,77.42,83.586739780658,10.68,99.8203746471645,10.61,34.9576271186441,16.4,58.5041761579347,35.9,97.8210853972121,63,93.6683417085427,8.8,80.3878188443519,20.7,65.5513307984791,75.9873988817298,7.8823630579858,87.9475542107917
6037228800,5353,Los Angeles,90058,Los Angeles,-118.2432565,33.9992469,65.6868543367276,98.0080685829551,95-100% (highest scores),0.04588368,44.9782202862477,12.21219619,88.5500933416304,0.177378251,57.7846919726198,787.9403354,92.5315349069564,91.09604969,97.5047258979206,0,0,3318.633219,86.0215053763441,487.4645779,19.9625,17.65,78.7234042553192,3.1,22.2314461231944,5.5,98.0939774983455,7,66.7366652666947,3.55,66.7124856815578,62.777637903484,7.66513711853429,93.9016801493466,67,76.1964107676969,6.16,78.3551449833205,18.06,80.7826520438684,54.9,98.2789167299418,14.4,75.7748003789417,62.8,93.5552763819096,7.3,69.9765747006767,35.3,96.3117870722433,82.6121034921856,8.56956024673021,94.9571356530509
6037532800,4590,Los Angeles,90001,Florence-Graham,-118.2520926,33.9864059,65.5401404799407,97.9450327786183,95-100% (highest scores),0.04539285,42.5637834474175,12.15277014,87.0939639079029,0.401170141,84.9408836341008,540.0644535,63.9440489571625,95.39692003,99.521109010712,0,0,3831.67334,88.4471117779445,1019.759087,59.15,118.4,99.645390070922,8.1,40.9928607006475,1.485,90.1654533421575,0,0,1.1,36.4719358533792,61.6234510590771,7.52421113408758,92.8811449906658,73.85,81.1939182452642,6.33,80.9853733641263,22.83,94.9651046859422,59.6,99.2533535813718,26.4,93.449722560563,60.7,92.1356783919598,4.8,41.8401874023946,26.8,84.4613434727503,83.9714279234594,8.71056637193746,95.940494200706
6037229100,5146,Los Angeles,90011,Los Angeles,-118.2520958,33.9921607,65.1359422208361,97.8819969742814,95-100% (highest scores),0.04539285,42.5637834474175,12.15277014,87.0939639079029,0.244590417,69.2594897324207,787.9403354,92.5315349069564,93.57144574,98.9918084436043,0,0,3605.526611,87.2968242060515,626.5593905,30.325,91.7,99.0854796565883,7.55,39.4985887431513,1.265,88.5373924553276,0,0,1,35.7159221076747,59.8610259178789,7.30901937441663,90.6285003111388,69.72,78.4022931206381,6.63,85.4631768026687,22.77,94.9027916251246,57.9,98.8990129081245,22,89.1324942482068,61,92.286432160804,5.8,55.0234252993233,31.4,92.4841571609632,85.9105957691474,8.91172110568319,97.226424609178
6037229420,4759,Los Angeles,90011,Los Angeles,-118.2608177,33.9925311,64.8644311999552,97.768532526475,95-100% (highest scores),0.04539285,42.5637834474175,12.10765122,85.065339141257,0.225735973,66.4219041692595,787.9403354,92.5315349069564,91.66464727,97.8954001260239,0,0,3584.096639,87.1842960740185,717.1675568,37.5375,99.65,99.2534527808884,16.75,62.6099950190935,0.345,55.4202514890801,0,0,2.7,60.1145475372279,60.9265296104971,7.43911716364501,92.0472930927194,66.83,75.9222333000997,6.69,86.3484731845009,21.79,93.1704885343968,52.9,97.6082004555809,16.1,79.5912843415888,62.7,93.4798994974874,5.1,45.7834461218116,39.4,98.3650190114068,84.0563174459538,8.71937217455693,96.0161371659102
6037208302,5269,Los Angeles,90026,Los Angeles,-118.2624816,34.0634788,64.7243883573825,97.7054967221382,95-100% (highest scores),0.04791979,53.7274424393279,12.33647073,89.9813316739266,0.593993409,92.8189172370877,787.9403354,92.5315349069564,81.29292139,90.4095778197858,0,0,1880.376933,77.9194798699675,1241.496196,70.2375,18.6,80.2911534154535,14,56.1348165366097,0.38,59.1396426207809,7,66.7366652666947,7,83.2760595647194,70.3407044892049,8.58858604640384,98.5687616677038,45.67,49.9252243270189,6.91,88.9530408006159,10.62,35.0947158524427,43.4,92.4069855732726,27.5,94.261740424956,64.5,94.7110552763819,8.2,76.6918271733472,24.4,78.4664131812421,72.6492989929329,7.53609360233207,83.5476550680787
6037227020,3623,Los Angeles,90011,Los Angeles,-118.251933,34.0157537,64.653805433358,97.6676752395361,95-100% (highest scores),0.04632538,46.994399502178,12.09940492,84.3932794026136,0.326827617,79.0665836963286,787.9403354,92.5315349069564,90.67467125,97.2148708254568,0,0,2800.173381,83.9334833708427,694.4065848,35.6,35.75,90.481522956327,0.3,2.10858376224473,1.17,87.4520185307743,0,0,0.7,24.8339060710195,56.9695813967224,6.95597457270915,86.1854387056627,69.72,78.4022931206381,6.81,87.7726456248396,22.77,94.9027916251246,62.9,99.5950392305745,26.4,93.449722560563,63.6,94.070351758794,9.2,82.7433628318584,30.3,91.0392902408112,89.6027317240272,9.29471560850993,99.0040342914776
6037237202,4556,Los Angeles,90047,Los Angeles,-118.3100903,33.9863341,64.5002164976496,97.6424609178013,95-100% (highest scores),0.0438112,35.1586807716241,11.96234496,76.3783447417548,0.127516163,45.2644679527069,787.9403354,92.5315349069564,89.88523496,96.6855702583491,0,0,3479.483317,86.6966741685421,946.2317225,54.7125,6,46.080627099664,6,35.0157728706625,0.695,78.0542686962277,0,0,15.2,96.2199312714777,57.6436877291966,7.03828282200695,87.1810827629123,141.59,98.4670987038883,8.39,97.818835001283,19.91,87.1759720837488,34.7,84.9152113389015,12.1,68.8591149005278,52.3,84.535175879397,7.9,74.7397188964081,38.3,97.9594423320659,88.3445172995501,9.16419787735349,98.5753908219869
6037532700,3417,Los Angeles,90001,Florence-Graham,-118.2413457,33.9852598,63.9196470973433,97.4533535047907,95-100% (highest scores),0.04539285,42.5637834474175,12.136112,86.471686372122,0.372363997,82.9371499688861,540.0644535,63.9440489571625,94.81709405,99.3824826717076,0,0,3795.439982,88.2345586396599,807.6940767,44.8125,88.75,98.9734975737215,8,40.7604183961481,9.99,99.5234943745864,0,0,10.2,91.2485681557847,64.395916071429,7.86272856140284,95.357809583074,72.22,79.9601196410768,3.36,13.908134462407,22.06,93.5194416749751,54.3,98.0131612250063,23.2,90.4858573555285,68.9,96.9849246231156,11.1,89.9271212909943,34.8,95.9695817490494,78.3693472541125,8.12944852390262,90.7967725668179
6037232120,5567,Los Angeles,90037,Los Angeles,-118.2839315,33.9996748,63.7473584428451,97.3651033787191,95-100% (highest scores),0.04490202,39.9875544492844,11.99843255,78.0584940883634,0.616066759,93.3291848164281,787.9403354,92.5315349069564,91.68238386,97.9080025204789,0,0,3136.206706,85.3588397099275,3043.231559,96.1,5.4,43.5237028742068,1.5,10.6425369417234,0.18,30.5890138980807,0,0,0.8,26.1626575028637,56.0006616220782,6.837669660681,84.3559427504667,100.68,92.8838484546361,6.41,82.281241981011,20.14,87.8240279162512,45.2,93.7863831941281,26.8,93.8015969684666,68,96.5829145728643,9.4,83.6283185840708,31.5,92.6362484157161,89.875065898841,9.32296551402809,99.0922844175492
6037232800,4489,Los Angeles,90037,Los Angeles,-118.2771882,33.9923979,63.139359492864,97.125567322239,95-100% (highest scores),0.04490202,39.9875544492844,11.99449266,77.8469197261979,0.768596035,96.3783447417548,787.9403354,92.5315349069564,92.46997746,98.3364839319471,0,0,3495.51001,86.721680420105,3324.181219,97.175,16.5,77.3236282194849,16.8,62.6764071060933,0.25,43.2958305757776,0,0,1.25,38.991981672394,63.9006496862704,7.80225663414942,94.9595519601742,50.48,57.190927218345,7.18,91.4806261226585,12,46.1615154536391,48.2,95.4188812958745,24.5,91.8527540939234,63.8,94.2336683417085,8.1,76.0541384695471,38.1,97.8453738910013,78.0126597416459,8.0924484355605,90.3050932929904
6037224010,2845,Los Angeles,90015,Los Angeles,-118.2658977,34.0367637,62.7282001579397,96.9616742309632,95-100% (highest scores),0.04676708,48.4505289359054,12.22607702,88.8487865588052,1.13833087,98.7678904791537,787.9403354,92.5315349069564,66.76176386,75.0976685570258,0,0,2289.676616,81.3953488372093,2299.077818,90.6625,6.8,47.6483762597984,22.5,71.6918479163208,1.17,87.4520185307743,0,0,0,0,61.7656710367142,7.54157616510801,93.0180460485377,81.7,86.1041874376869,5.74,69.6818065178342,14.22,61.7148554336989,30.2,80.4606428752215,18.4,84.1656516443362,62.2,93.1155778894472,NA,NA,32.4,93.7262357414449,80.1836550836762,8.31765121569137,92.7004538577912
6037232700,6568,Los Angeles,90037,Los Angeles,-118.2858532,33.9923462,62.572453210686,96.8356026222895,95-100% (highest scores),0.04490202,39.9875544492844,11.97007108,76.8761667703796,0.471790807,88.6994399502178,787.9403354,92.5315349069564,90.55678431,97.1518588531821,0,0,3409.12675,86.4216054013503,2688.551534,94,9.85,60.1903695408735,10.5,48.4808235098788,0.36,57.4586366644606,0,0,0,0,59.0476686752951,7.20970861665377,89.6328562538892,98.16,92.0862412761715,7.36,92.8919681806518,19.67,86.2911266201396,46.2,94.3685143001772,11.7,67.7222898903776,53.3,85.4396984924623,4.7,40.6038521603332,35.4,96.4131812420786,83.66630962137,8.6789156868489,95.7009581442259
6037224200,2557,Los Angeles,90015,Los Angeles,-118.2767157,34.0406231,62.5094042910458,96.8229954614221,95-100% (highest scores),0.04632538,46.994399502178,12.17492801,87.7037958929683,0.685731334,95.0715619166148,787.9403354,92.5315349069564,83.86008487,92.5015752993069,0,0,2167.761963,80.7451862965741,4107.833142,98.9125,7,50.3172825681224,8,40.7604183961481,0.235,40.9265387160821,0,0,0,0,58.3386621299067,7.12313905829135,88.5749844430616,81.54,85.9670987038883,7.62,94.7138824736977,14.2,61.5777666999003,49.4,96.2288028347254,25.9,93.1113817837326,70.4,97.4748743718593,6,57.2488287350338,38.8,98.149556400507,84.5978023921669,8.77554176319003,96.3187090267272
6037239601,3682,Los Angeles,90003,Los Angeles,-118.2752977,33.9728371,62.3980487452764,96.7221381744831,95-100% (highest scores),0.04435661,37.5731176104543,12.13275518,86.3845675171126,0.499254987,89.869321717486,787.9403354,92.5315349069564,90.49280148,97.0762444864524,0,0,4498.379964,91.2103025756439,3339.908089,97.225,7.5,51.6237402015677,7,37.605844263656,0.05,7.34612839179351,0,0,1,35.7159221076747,58.1419497321549,7.09912051359871,88.0771624144368,113.88,95.426221335992,6.67,86.0277136258661,27.88,99.2273180458624,44.7,93.4320425208808,11.8,68.1553660847205,61.8,92.8266331658291,3.7,26.8610098906819,39,98.2509505703422,84.7328090578655,8.78954634250115,96.4321734745335
6037228720,4825,Los Angeles,90011,Los Angeles,-118.2499406,33.999367,62.3827407558252,96.684316691881,95-100% (highest scores),0.04588368,44.9782202862477,12.21219619,88.5500933416304,0.144647711,49.9315494710641,787.9403354,92.5315349069564,93.4030076,98.9161940768746,0,0,3334.880005,86.0840210052513,711.9885826,37.0625,18.2,79.8618887644644,1,6.97326913498257,0.99,84.9768365320979,0,0,1.5,42.3138602520046,55.7795664029053,6.81067397833599,83.8705662725576,69.72,78.4022931206381,5.91,73.3256351039261,22.77,94.9027916251246,57.5,98.7977727157682,25,92.3670320747056,71.7,97.9522613065327,9.6,84.5783446121812,39,98.2509505703422,88.2997561029011,9.15955468640223,98.5627836611195
6037226420,5531,Los Angeles,90011,Los Angeles,-118.2570623,34.0218419,62.3765715023327,96.6717095310136,95-100% (highest scores),0.04632538,46.994399502178,12.15802236,87.2930927193528,0.394942363,84.5301804604854,787.9403354,92.5315349069564,81.15861178,90.3213610586011,0,0,2623.926636,83.2333083270818,916.7699754,52.8,32.55,89.678984695782,1,6.97326913498257,0.92,83.8120450033091,0,0,0.2,9.66781214203895,57.4841304796288,7.01880091352748,87.0317361543248,69.72,78.4022931206381,5.72,69.348216576854,22.77,94.9027916251246,59.3,99.2027334851936,27.6,94.3294085803221,57.7,89.8743718592965,9.4,83.6283185840708,27.2,85.2724968314322,85.6729498211343,8.88706949674453,97.0751386787695
6037221401,3628,Los Angeles,90018,Los Angeles,-118.3132694,34.033886,62.2513986606704,96.6086737266768,95-100% (highest scores),0.04588368,44.9782202862477,12.0125659,79.0168014934661,0.753322991,96.1169881767268,787.9403354,92.5315349069564,82.68755541,91.7076244486452,0,0,2152.11204,80.5951487871968,4044.383573,98.8,3.5,33.8745800671892,6.25,35.3478333056616,0.745,79.801455989411,0,0,0,0,58.5804511324207,7.15266144747192,88.8985687616677,89.86,89.6061814556331,7.02,90.0821144470105,18.08,80.89481555334,26.9,76.183244748165,21.9,89.0377588306943,64.3,94.5979899497487,5.3,48.2561166059344,35.7,96.6286438529785,83.9008939747494,8.70324970891401,95.8774583963691
6037218400,4737,Los Angeles,90016,Los Angeles,-118.3592342,34.0369278,61.890447125993,96.5078164397378,95-100% (highest scores),0.04632538,46.994399502178,11.85097115,71.3503422526447,0.569487074,92.0472930927194,787.9403354,92.5315349069564,88.33216006,95.6395715185885,0,0,2002.198364,79.2448112028007,3063.418989,96.1875,12,68.9436356849571,8.25,41.4245392661464,0.35,56.3997352746525,7,66.7366652666947,5,75.6701030927835,68.4445996120063,8.35707201751996,97.6726820161792,78.02,84.2597208374875,6.84,88.2345393892738,13.31,55.8200398803589,27.4,76.7906859023032,11.6,67.4516172689132,41.2,70.8417085427136,3.4,22.5663716814159,34.5,95.7541191381495,71.3928336045363,7.40575730306553,81.9843671205245
6037220100,2415,Los Angeles,90016,Los Angeles,-118.3651555,34.0251238,60.9471888842121,96.2178517397882,95-100% (highest scores),0.04539285,42.5637834474175,11.91465003,73.789670192906,0.089416115,33.4660858742999,787.9403354,92.5315349069564,87.39260172,95.047258979206,0.12462069,27.2758620689655,2119.680969,80.3325831457865,1361.779481,74.125,4.65,41.190742814483,21.05,69.6330732193259,1.06,85.8636664460622,7,66.7366652666947,1,35.7159221076747,63.2036528749109,7.71715346192643,94.4243932794026,99.57,92.4850448654038,8.28,97.5109058249936,16.87,75.5234297108674,25.6,74.3356112376614,16.3,80.0108269048586,40.1,69.3467336683417,2.5,10.6585111920875,26.8,84.4613434727503,76.1345327144474,7.89762561868219,88.1996974281392
6037237102,3407,Los Angeles,90044,Los Angeles,-118.2837235,33.9857553,60.889448105045,96.1926374180535,95-100% (highest scores),0.04435661,37.5731176104543,11.97286678,77.0379589296826,0.751567014,96.0920970752956,787.9403354,92.5315349069564,89.38064291,96.2696912413358,0,0,3710.23999,87.8219554888722,4052.921203,98.85,16.6,77.4356103023516,10.5,48.4808235098788,0.185,31.3831899404368,0,0,0,0,59.3346711878942,7.244751566435,89.9315494710641,74.12,81.3434695912263,5.05,53.8491147036182,16.15,72.2208374875374,50.6,96.7729688686408,17.9,83.1100284206253,62.8,93.5552763819096,NA,NA,38.9,98.1875792141952,81.0221352410683,8.40462886086341,93.5451336359052
6037231100,3474,Los Angeles,90007,Los Angeles,-118.2765579,34.0152478,60.7606597280921,96.1800302571861,95-100% (highest scores),0.04539285,42.5637834474175,12.08083341,83.1113876789048,1.035811359,98.3447417548226,787.9403354,92.5315349069564,90.20091093,96.8241965973535,0,0,2714.563355,83.5708927231808,1945.209817,86.1375,18.15,79.805897723031,0,0,0.255,43.6532097948379,0,0,4,70.4238258877434,61.5158653194271,7.511074936646,92.7317983820784,41.22,43.5817547357926,7.12,90.9417500641519,11.42,41.4007976071785,46.4,94.4697544925335,36.8,98.06469075653,80.8,99.5728643216081,NA,NA,36.6,97.1989860583017,77.9840040214755,8.08947590599118,90.2672718103883
6037207103,2393,Los Angeles,90012,Los Angeles,-118.2392725,34.0644824,60.6318309958487,96.0917801311145,95-100% (highest scores),0.04863521,56.9632856253889,12.87564539,93.2545115121344,0.773743885,96.4405724953329,787.9403354,92.5315349069564,52.97829895,55.7529930686831,0,0,1892.784322,78.0570142535634,1546.351247,79,12.85,70.6233669279582,30.3,79.9601527478001,2.575,94.890800794176,8,72.1545569088618,0,0,67.1752511470913,8.2020848220837,97.0628500311139,30.75,26.3334995014955,6.19,78.8555298947909,10.73,35.9047856430708,44.6,93.3561123766135,50.8,99.4857220192178,61.9,92.9396984924623,14,95.7183758459136,34.8,95.9695817490494,71.2625848882185,7.39224627775131,81.7574382249118
6037224600,3385,Los Angeles,90007,Los Angeles,-118.2718023,34.0222989,60.6240274339239,96.0791729702471,95-100% (highest scores),0.04588368,44.9782202862477,12.08083341,83.1113876789048,0.865520449,97.3242065961419,787.9403354,92.5315349069564,90.27868058,96.8998109640832,0,0,2558.013306,82.7956989247312,1977.772749,86.7125,24.9,86.0395670026129,0,0,0.36,57.4586366644606,0,0,0,0,58.2626601908937,7.11385923663407,88.3634100808961,53.6,60.9421734795613,7.28,92.3530921221452,17.37,77.8165503489531,59,99.1394583649709,28.3,94.7895520368115,67.6,96.4321608040201,5.6,52.5247267048412,32.2,93.4600760456274,82.1532333874037,8.52196050235712,94.6419566313666
6037226410,3665,Los Angeles,90011,Los Angeles,-118.2622815,34.0241996,60.4823234212593,95.9909228441755,95-100% (highest scores),0.04588368,44.9782202862477,12.09845951,84.3061605476042,0.463358418,88.2389545737399,787.9403354,92.5315349069564,88.46336113,95.7025834908633,0,0,2562.193359,82.8332083020755,900.6286739,51.575,33.15,89.8096304591265,1,6.97326913498257,0.285,47.4123097286565,0,0,0,0,54.626819130475,6.66992376534168,81.6054760423149,69.72,78.4022931206381,6.6,85.0269438029253,22.77,94.9027916251246,67.8,99.8228296633764,29.6,95.4797672215455,69.7,97.248743718593,6.5,62.402394586153,28.9,88.6565272496832,87.4163643353831,9.06791824751254,98.1215330307615
6037229300,5715,Los Angeles,90011,Los Angeles,-118.2706778,33.9979135,60.1986492165519,95.8018154311649,95-100% (highest scores),0.04490202,39.9875544492844,12.00225165,78.3074051026758,0.11216,40.883634100809,787.9403354,92.5315349069564,97.34012904,99.9495904221802,0,0,3297.653402,85.8964741185296,591.1333929,27.6875,21.35,83.1466965285554,7.75,39.7974431346505,0.135,23.7193911317009,0,0,3.25,64.7422680412371,52.8640276807792,6.45468727947594,77.7846919726198,69.72,78.4022931206381,7.5,93.8799076212471,22.77,94.9027916251246,59.8,99.3166287015945,19.3,85.5325483827311,71.6,97.8768844221105,7.7,73.4122852680895,37.5,97.6299112801014,89.907657866631,9.32634636041415,99.1301059001513
6037229410,3697,Los Angeles,90011,Los Angeles,-118.2695618,33.9922359,60.130431798023,95.7639939485628,95-100% (highest scores),0.04490202,39.9875544492844,12.00225165,78.3074051026758,0.163838154,54.6484131922838,787.9403354,92.5315349069564,95.92587167,99.6723377441714,0,0,3557.613322,87.0217554388597,706.3017526,36.5625,58.45,97.1257932064203,38,85.0572804250373,0.23,40.132362673726,0,0,5,75.6701030927835,60.5933276960504,7.39843327607475,91.698817672682,69.59,78.0658025922233,4.95,51.0136002052861,22.72,94.6036889332004,58,98.9243229562136,21.3,88.144539179862,66.1,95.5778894472362,3.8,28.2014575741801,50.9,99.8479087452472,78.3501270787255,8.12745476700782,90.7463439233485
6037231720,4934,Los Angeles,90037,Los Angeles,-118.284071,34.0074463,60.1126514987954,95.738779626828,95-100% (highest scores),0.04490202,39.9875544492844,12.0084908,78.6434349719975,0.647374763,94.3248288736777,787.9403354,92.5315349069564,84.46725882,92.9930686830498,0,0,2881.456705,84.2835708927232,2867.931729,95.175,4.6,41.0974244120941,0,0,0.15,26.6710787557909,0,0,2,52.8980526918671,56.2060197887909,6.86274385204646,84.7790914747978,100.68,92.8838484546361,4.93,50.487554529125,20.14,87.8240279162512,51.1,97.0260693495318,28.1,94.6271484639329,55.7,87.8768844221106,9.9,85.8276939094222,32.4,93.7262357414449,84.4409750053129,8.75927366586323,96.2304589006556
6037228210,4233,Los Angeles,90011,Los Angeles,-118.2534818,34.010412,60.0684344278735,95.7135653050933,95-100% (highest scores),0.04588368,44.9782202862477,12.09940492,84.3932794026136,0.215249019,64.7168637212197,787.9403354,92.5315349069564,92.36440452,98.2860743541273,0,0,2949.003337,84.6086521630408,667.0754392,33.475,28.4,87.9059350503919,0.3,2.10858376224473,0.255,43.6532097948379,0,0,0.5,22.0847651775487,52.2993016551853,6.38573434392209,76.3161169881767,69.72,78.4022931206381,6.56,84.3084423915833,22.77,94.9027916251246,56.4,98.6332574031891,25.2,92.515902016511,73.4,98.4422110552764,11.2,90.3305570015617,37.3,97.5411913814956,90.6818997420277,9.40666040782708,99.2939989914271
6037207102,2926,Los Angeles,90012,Los Angeles,-118.2395097,34.0592851,59.8848696491113,95.6379223398891,95-100% (highest scores),0.0482775,55.3827006845053,12.87564539,93.2545115121344,0.949365779,97.8593652769135,787.9403354,92.5315349069564,25.6366557,18.5255198487713,0.061142188,22.2068965517241,1978.668315,79.0197549387347,1750.291405,82.8875,16.75,77.6222471071295,26.65,76.4735181803088,3.04,96.2011912640635,7,66.7366652666947,0,0,66.2745567645247,8.09211021687666,96.6645924082141,30.75,26.3334995014955,7.46,93.5591480626123,10.73,35.9047856430708,40.8,90.4960769425462,38.2,98.3218297469211,57.1,89.28391959799,11.3,90.5908381051536,27.1,85.0570342205323,71.3412087291774,7.40040212554412,81.8582955118507
6037228410,3600,Los Angeles,90011,Los Angeles,-118.2691132,34.01374,59.8478020661895,95.6253151790217,95-100% (highest scores),0.04588368,44.9782202862477,12.0527736,81.3565650280025,0.51427,90.4418170504045,787.9403354,92.5315349069564,96.52156351,99.8487712665407,0,0,2758.816732,83.7709427356839,700.7129571,36.1875,23.5,84.9757372153789,0,0,0.17,29.2389146260754,0,0,4,70.4238258877434,56.4021777880995,6.88669470479931,85.1275668948351,69.72,78.4022931206381,5.03,53.1562740569669,22.77,94.9027916251246,53.4,97.77271576816,21.2,87.9956692380566,66.3,95.678391959799,8.9,81.0124934929724,38.2,97.8707224334601,83.7765590896997,8.69035214011764,95.8144225920323
6037226700,7661,Los Angeles,90011,Los Angeles,-118.2621294,34.0173502,59.7818805471915,95.5622793746848,95-100% (highest scores),0.04588368,44.9782202862477,12.09845951,84.3061605476042,0.346032132,80.7591785936528,787.9403354,92.5315349069564,94.18798938,99.2060491493384,0,0,2728.369995,83.6209052263066,764.5098357,41.5375,49.7,95.7446808510638,0,0,0.44,64.7650562541363,0,0,0.2,9.66781214203895,55.2567990089914,6.74684418337605,82.9247044181705,69.72,78.4022931206381,5.01,52.540415704388,22.77,94.9027916251246,55.8,98.5067071627436,33,96.8601975910137,73.7,98.5175879396985,10.2,87.0640291514836,36,96.8314321926489,85.4189121454506,8.86071753287138,96.8734241048916
6037206300,6103,Los Angeles,90013,Los Angeles,-118.2432134,34.0411108,59.6868035622199,95.5244578920827,95-100% (highest scores),0.04756207,51.8979464841319,12.39952871,90.4169259489732,0.483625368,89.2345986309894,787.9403354,92.5315349069564,15.83489072,8.3049779458097,0,0,2272.840006,81.3453363340835,686.0065785,35.0125,12.95,70.8286674132139,16.45,61.9292711273452,1.535,90.5493050959629,7,66.7366652666947,15.2,96.2199312714777,63.1462410325583,7.71014348737886,94.2999377722464,83.69,87.2382851445663,10.31,99.6920708237105,7.91,13.0982053838485,25.3,73.8420652999241,7.3,50.0067668155366,93.2,99.9874371859297,37.4,99.9739718896408,29.1,89.0874524714829,74.627862924939,7.74133499070729,86.2455874936964
6037209102,5950,Los Angeles,90017,Los Angeles,-118.2675212,34.0551862,59.4269476264499,95.3101361573374,95-100% (highest scores),0.04756207,51.8979464841319,12.35408718,90.230242688239,1.378062227,99.2408214063472,787.9403354,92.5315349069564,81.87278877,90.9766855702584,0,0,1984.132385,79.0447611902976,713.5800629,37.25,9.2,58.715938783128,4,26.1663622779346,0.5,69.3977498345467,0,0,0.7,24.8339060710195,57.0385964849611,6.96440130127468,86.2601120099564,79.97,85.1570289132602,6.98,89.6458814472671,12.37,49.5014955134596,44.7,93.4320425208808,46.5,99.2015157666802,71.8,97.9899497487437,6.2,59.3831337844872,40.5,98.745247148289,82.2592565425726,8.53295854958459,94.755421079173
6037228420,3304,Los Angeles,90011,Los Angeles,-118.2718914,34.0082598,59.0359395714511,95.1084215834594,95-100% (highest scores),0.04539285,42.5637834474175,12.0527736,81.3565650280025,0.190042161,60.2240199128811,787.9403354,92.5315349069564,96.95233434,99.9243856332703,0,0,2956.266642,84.6586646661665,722.3923401,38.1125,2.9,29.7312430011198,0,0,0.12,20.3176704169424,0,0,8,86.5063001145475,50.7179687017319,6.19265390440455,72.059738643435,69.72,78.4022931206381,7.46,93.5591480626123,22.77,94.9027916251246,58.9,99.0635282207036,27.1,94.0316686967113,72.4,98.2286432160804,10,86.1920874544508,35.8,96.7300380228137,91.9019686958052,9.53322121384202,99.5461422087746
6037239320,4086,Los Angeles,90003,Los Angeles,-118.2717384,33.9785676,58.4759102881511,94.7428139183056,90-95%,0.04490202,39.9875544492844,12.13275518,86.3845675171126,0.10586,39.2283758556316,787.9403354,92.5315349069564,95.70110188,99.6219281663516,0,0,4192.403361,90.1475368842211,1040.803764,60.5375,8.85,54.7592385218365,13.75,55.6367258841109,0.145,24.7121111846459,0,0,1.2,37.5715922107675,53.8818943350539,6.57896859578469,80.0248911014312,113.88,95.426221335992,5.38,61.7141390813446,27.88,99.2273180458624,53.2,97.7094406479372,18.3,84.0438489646772,65.3,95.1758793969849,6.2,59.3831337844872,32,93.2572877059569,85.6849054605375,8.88830968514094,97.1003530005043
6037208402,2896,Los Angeles,90026,Los Angeles,-118.266009,34.0683668,58.1755724133973,94.5915279878971,90-95%,0.04791979,53.7274424393279,12.33647073,89.9813316739266,1.035805211,98.332296204107,787.9403354,92.5315349069564,73.75571902,83.3396345305608,0,0,1820.028626,77.2568142035509,3455.10743,97.6125,5.55,44.0649496080627,17.3,63.7057944545907,0.38,59.1396426207809,7,66.7366652666947,0.7,24.8339060710195,66.6305266979457,8.13557407504128,96.8512756689484,55.72,63.6964107676969,4.72,44.4701052091352,14.06,60.5932203389831,32.4,82.9157175398633,21.6,88.5505481120585,57.7,89.8743718592965,5.9,56.1946902654867,30,90.5449936628644,68.9346548632595,7.15076427020327,78.7569339384771
6037232500,4940,Los Angeles,90062,Los Angeles,-118.3108167,33.9920834,57.993163867543,94.5158850226929,90-95%,0.04435661,37.5731176104543,11.94659663,75.5196017423771,0.124071646,44.2439327940261,787.9403354,92.5315349069564,92.7613793,98.5255198487713,0,0,3220.253418,85.6464116029007,881.1667209,50.0375,7,50.3172825681224,6,35.0157728706625,0.6,74.7319655857048,0,0,15,96.0137457044674,57.4117193240543,7.00995952581481,86.9570628500311,112.71,95.2268195413759,6.95,89.3636130356685,18.74,83.3873379860419,41.3,90.8883826879271,6.1,43.8760319393693,41.3,71.0929648241206,5.2,46.9937532535138,38.5,98.0481622306717,79.7528912540746,8.27296700558368,92.3726676752395
6037237101,4409,Los Angeles,90044,Los Angeles,-118.2913772,33.9856234,57.7018171232892,94.3393847705497,90-95%,0.04435661,37.5731176104543,11.97007108,76.8761667703796,0.141308678,48.9981331673927,787.9403354,92.5315349069564,93.14790814,98.7397605545054,0,0,3642.000082,87.5218804701175,1034.894513,60.275,6.95,47.7976857036208,6.5,36.1613813714096,0.36,57.4586366644606,0,0,0,0,51.3041463726166,6.26422608158748,73.6029869321717,125.58,96.7347956131605,7.6,94.559917885553,24.53,97.432701894317,47.6,95.1025056947608,20.4,87.21071863581,59.8,91.5201005025126,4.2,33.5762623633524,43.3,99.3662864385298,88.798823262335,9.21132417185466,98.7518910741301
6037219300,4239,Los Angeles,90018,Los Angeles,-118.3318299,34.0267587,57.6357697492403,94.3141704488149,90-95%,0.04539285,42.5637834474175,11.9612643,76.3036714374611,0.190244804,60.2489110143124,787.9403354,92.5315349069564,92.56582152,98.4120982986768,0,0,2210.346049,80.9577394348587,1326.027438,73.125,4,37.5513251213139,18,65.3162875643367,0.475,67.5579086697551,0,0,0.2,9.66781214203895,55.6847837781366,6.79910103867833,83.6216552582452,87.1,88.7213359920239,6.34,81.2163202463433,17.47,78.1655034895314,16.8,59.3140976967856,16.9,81.1882528082284,47.8,79.4597989949749,10.6,88.4044768349818,34,95.3231939163498,81.7195086464485,8.47696914950451,94.2511346444781
6037228310,4523,Los Angeles,90011,Los Angeles,-118.262416,34.011351,57.6144008866527,94.3015632879476,90-95%,0.04588368,44.9782202862477,12.06807983,82.4642190416926,0.262103637,71.9726197884256,787.9403354,92.5315349069564,90.560678,97.164461247637,0,0,2909.980062,84.4586146536634,767.460932,41.7875,15.05,74.9533407988055,0,0,0.175,30.1654533421575,0,0,4.5,72.3940435280641,54.780620004987,6.68870282157024,81.9041692594897,69.72,78.4022931206381,5.95,74.2237618681037,22.77,94.9027916251246,62.7,99.58238420653,25.8,93.0707808905129,53.8,85.8793969849246,6.2,59.3831337844872,24.9,79.9112801013942,83.0375053657626,8.61368824772023,95.3101361573374
6037219800,2861,Los Angeles,90016,Los Angeles,-118.3547601,34.029939,57.4565450892424,94.1628845184065,90-95%,0.04539285,42.5637834474175,11.94583615,75.4822650902302,0.276816181,73.8767890479154,787.9403354,92.5315349069564,90.26322599,96.8872085696282,0,0,2100.240662,80.1700425106277,3753.393961,98.3375,6.9,47.7230309817096,6,35.0157728706625,0.35,56.3997352746525,7,66.7366652666947,2,52.8980526918671,63.905644103437,7.80286645149342,94.9719975108899,99.57,92.4850448654038,4.48,38.1832178598922,16.87,75.5234297108674,40,89.9772209567198,15.6,78.5221274868047,43.8,74.4597989949749,3.6,25.2342529932327,38.4,98.0101394169835,70.9856360575655,7.36351768243394,81.3918305597579
6037218500,2641,Los Angeles,90016,Los Angeles,-118.3505675,34.0373844,57.4478014207606,94.1502773575391,90-95%,0.04588368,44.9782202862477,11.95828056,76.1792159303049,0.507780357,90.2551337896702,787.9403354,92.5315349069564,78.3565664,87.8260869565217,0,0,2021.080668,79.4698674668667,4384.188796,99.25,8.25,53.6954087346025,5,30.8816204549228,0.11,19.2455327597617,7,66.7366652666947,2,52.8980526918671,62.4379902719039,7.62366621018234,93.6154324828874,87.75,88.9705882352941,6.57,84.526558891455,14.91,65.7901296111665,27.7,77.2336117438623,6.6,46.5421572607931,42.3,72.5753768844221,4.4,36.4393545028631,33.3,94.828897338403,72.643152562687,7.53545601774013,83.5350479072113
6037209300,4885,Los Angeles,90017,Los Angeles,-118.2683015,34.05073,57.4358656168799,94.112455874937,90-95%,0.04716458,50.5413814561294,12.2587974,89.34660858743,1.851652718,99.639079029247,787.9403354,92.5315349069564,59.46641359,65.0283553875236,0,0,2025.28599,79.5448862215554,2127.417903,88.875,10.7,62.6726390444196,3.3,22.6631246886933,0.905,83.5076108537393,0,0,0.5,22.0847651775487,59.8541131166969,7.30817532276539,90.6036092097075,69.89,78.5019940179462,7.94,96.1765460610726,10.91,37.0762711864407,42.8,92.115920020248,32.3,96.6571931249154,65.8,95.4145728643216,4.3,35.0208224882874,27.3,85.5006337135615,75.7633827653766,7.8591253055963,87.6575895108422
6037533103,3283,Los Angeles,90255,Huntington Park,-118.231291,33.9771202,57.3323485009763,94.0746343923348,90-95%,0.04539285,42.5637834474175,12.07802241,83.0242688238955,0.256286082,71.0889856876167,380.4465579,40.0399650305982,93.31316163,98.8657844990548,0,0,4080.833333,89.6849212303076,1114.77341,64.7875,19.3,81.2056737588652,25.05,74.8630250705628,0.46,66.6048974189279,0,0,1.7,43.2073310423826,58.5633292126234,7.15057086446559,88.8363410080896,60.74,69.9651046859422,5.17,56.8770849371311,24.24,97.0338983050847,64.1,99.6709693748418,26.7,93.6797942888077,65.1,95,2.7,13.1832378969287,39.1,98.276299112801,77.2937113886976,8.01787012361301,89.4478063540091
6037231710,4165,Los Angeles,90037,Los Angeles,-118.2893576,34.0073136,57.0987862522722,93.9359556227937,90-95%,0.04490202,39.9875544492844,11.97864156,77.3242065961419,0.15276,51.9228375855632,787.9403354,92.5315349069564,93.5156709,98.9540012602394,0,0,2855.473348,84.1210302575644,1095.023293,63.75,8,53.4341172079134,0,0,0.15,26.6710787557909,0,0,0.5,22.0847651775487,49.1952611640627,6.00673161650954,68.3634100808961,100.68,92.8838484546361,6.65,85.7711059789582,20.14,87.8240279162512,54.6,98.1650215135409,28.1,94.6271484639329,84.7,99.7236180904523,8.8,80.3878188443519,43.2,99.340937896071,91.6376182058091,9.50579947593061,99.4831064044377
6037228500,4869,Los Angeles,90011,Los Angeles,-118.2690648,34.0034919,56.9798977624148,93.8855269793243,90-95%,0.04539285,42.5637834474175,12.0257337,79.7510889856876,0.150802808,51.4499066583696,787.9403354,92.5315349069564,94.84797117,99.4076874606175,0,0,3122.533366,85.2963240810203,838.3761808,46.95,4.1,37.7939529675252,0,0,0.21,37.6836532097948,0,0,4,70.4238258877434,51.2226225993433,6.25427204506383,73.2794026135657,69.72,78.4022931206381,6.57,84.526558891455,22.77,94.9027916251246,52.4,97.4310301189572,23.2,90.4858573555285,57.1,89.28391959799,8.3,77.0952628839146,32.8,94.2585551330799,87.82740311515,9.11055632883542,98.3484619263742
6037209103,3679,Los Angeles,90017,Los Angeles,-118.2640302,34.05711,56.3333627710634,93.4316691880988,90-95%,0.04756207,51.8979464841319,12.35408718,90.230242688239,0.596534857,92.9060360920971,787.9403354,92.5315349069564,91.41316911,97.7945809703844,0,0,1958.642985,78.8697174293574,754.3126004,40.7875,12.8,70.548712206047,8,40.7604183961481,0.235,40.9265387160821,0,0,3.5,66.6895761741122,60.0131462470898,7.32759323639772,90.9023024268824,51.01,57.9760717846461,7.01,90.0179625352835,8.75,18.9805583250249,62.7,99.58238420653,41.7,98.8225740966301,83.9,99.6859296482412,7.9,74.7397188964081,29.7,90,74.11215945894,7.68783977953956,85.5017650025214
6037207302,4806,Los Angeles,90013,Los Angeles,-118.2477263,34.04755,55.9678815396788,93.2299546142209,90-95%,0.04756207,51.8979464841319,12.52185449,91.1636589919104,0.96813023,98.0087118855009,787.9403354,92.5315349069564,62.25904388,68.8090737240076,0.104436364,26.2068965517241,2141.911011,80.545136284071,650.6076445,32.1875,6,46.080627099664,27.1,77.0380209198074,1.64,91.1714096624752,7,66.7366652666947,27,99.495990836197,70.4807191546811,8.60568180924747,98.6434349719975,83.09,86.9641076769691,8.39,97.818835001283,8.6,17.9212362911266,6.6,28.4484940521387,4.4,33.9423467316281,39.2,67.8517587939699,8,75.3774076002082,26.4,83.4980988593156,62.6958404319558,6.50359643550114,69.7428139183056
6037218900,6149,Los Angeles,90018,Los Angeles,-118.3230172,34.0326941,55.9417583479448,93.2173474533535,90-95%,0.04588368,44.9782202862477,12.00024046,78.1829495955196,0.623765556,93.6154324828874,787.9403354,92.5315349069564,89.47484724,96.3327032136106,0,0,2151.196045,80.5826456614154,4031.173939,98.7625,3.9,34.8264277715566,6.55,36.2443964801594,0.77,80.6882859033752,0,0,0,0,58.8661061892258,7.18753987316835,89.3963907902925,89.86,89.6061814556331,5.46,63.5360533743906,18.08,80.89481555334,24.5,72.2475322703113,11.3,66.5989985113006,55.6,87.7638190954774,4.4,36.4393545028631,36.6,97.1989860583017,75.0310441077193,7.78315798382974,86.6994452849218
6037234901,3321,Los Angeles,90043,Los Angeles,-118.3286609,33.9817876,55.9409785863449,93.2047402924861,90-95%,0.0438112,35.1586807716241,11.92854691,74.5115121344119,0.125842871,44.8288736776602,787.9403354,92.5315349069564,69.33688964,78.2482671707624,0,0,3464.396729,86.6466616654164,1131.130599,65.6375,2.25,27.491601343785,0,0,0.56,72.9715420251489,0,0,3,63.6655211912944,50.7388301645845,6.19520108487516,72.1468574984443,147.61,98.7786640079761,7.25,92.1093148575828,17,76.0219341974078,25.2,73.6269298911668,8.7,56.3134388956557,76.2,98.9572864321608,14.9,96.7725143154607,67,99.9619771863118,87.04820018257,9.02972765854494,97.8819969742814
6037209104,2560,Los Angeles,90017,Los Angeles,-118.2663761,34.0591782,55.7299343739442,93.0534543620777,90-95%,0.04756207,51.8979464841319,12.35408718,90.230242688239,0.26321,72.2464219041693,787.9403354,92.5315349069564,70.75998259,80.0756143667297,0,0,1909.316671,78.3320830207552,1335.861452,73.4,6.95,47.7976857036208,6.5,36.1613813714096,0.17,29.2389146260754,0,0,1.75,43.9404352806415,55.3687147463649,6.7605090726796,83.0864965774736,79.97,85.1570289132602,6.25,79.7279958942777,12.37,49.5014955134596,49.9,96.4565932675272,36.3,97.942888076871,66.8,95.9422110552764,6.4,61.5304528891202,27.3,85.5006337135615,79.4683646204019,8.24345234579429,92.0574886535552
6037231600,7420,Los Angeles,90037,Los Angeles,-118.2980319,34.0072734,55.6512832883877,92.9778113968734,90-95%,0.04490202,39.9875544492844,11.97864156,77.3242065961419,0.114456412,41.7174859987554,787.9403354,92.5315349069564,92.34407481,98.2608695652174,0,0,2808.553304,83.9834958739685,1107.053516,64.3625,12.25,69.5222097797686,0,0,0.16,28.2991396426208,0,0,5,75.6701030927835,53.0800674502052,6.48106569241101,78.3074051026758,92.24,90.2916251246261,5.71,69.1557608416731,17.69,79.4740777666999,36.5,86.8640850417616,21,87.8061984030315,54,86.0678391959799,8,75.3774076002082,32.2,93.4600760456274,82.7778045841607,8.58674883569725,95.1084215834594
6037218702,2056,Los Angeles,90018,Los Angeles,-118.3337765,34.0334074,55.3953390053451,92.8517397881997,90-95%,0.04588368,44.9782202862477,11.98834506,77.6353453640324,0.687311226,95.0840074673304,787.9403354,92.5315349069564,82.21741104,91.2161310649023,0,0,2124.259623,80.3825956489122,4990.609317,99.65,0.4,5.63643150429265,2.05,14.3284077702142,0.34,54.824619457313,0,0,0.5,22.0847651775487,54.9147678221564,6.70508224340092,82.2028624766646,78.24,84.3594217347956,7.14,91.2753400051322,14.73,64.7308075772682,26.2,75.2214629207795,10.2,62.6607118689945,46.9,78.4547738693467,9.6,84.5783446121812,33.4,94.9176172370089,79.6442192703637,8.26169418874238,92.2213817448311
6037224020,2733,Los Angeles,90007,Los Angeles,-118.2686568,34.0304827,55.3899484082378,92.8391326273323,90-95%,0.04632538,46.994399502178,12.16525921,87.4051026757934,0.851780511,97.2121966397013,787.9403354,92.5315349069564,86.67475938,94.4549464398236,0,0,2394.840047,82.0080020005001,2411.601191,91.7375,22.55,84.2291899962673,18.75,66.4452930433339,0.52,70.4831237590999,0,0,0,0,64.1058139669928,7.82730715207397,95.1586807716241,44.36,48.0807577268195,5.99,74.9037721324095,11.99,46.061814556331,47,94.7228549734244,28.3,94.7895520368115,66.8,95.9422110552764,2.9,15.8381051535659,41.9,99.1508238276299,68.2187454405975,7.07650119409985,77.6601109430156
6037229200,5072,Los Angeles,90011,Los Angeles,-118.2608283,33.9982715,55.2479983517216,92.7004538577912,90-95%,0.04539285,42.5637834474175,12.10765122,85.065339141257,0.112231576,40.9458618543871,787.9403354,92.5315349069564,90.70840054,97.2400756143667,0,0,3356.523315,86.1965491372843,713.6654335,37.2625,29.15,88.3351997013811,5.5,32.3758924124191,0.105,16.8762409000662,0,0,1.75,43.9404352806415,52.2523215614396,6.37999808380736,76.1294337274424,69.72,78.4022931206381,5.04,53.4642032332563,22.77,94.9027916251246,53.2,97.7094406479372,28.9,95.1008255514955,57.2,89.3592964824121,8.4,77.7589796980739,36.1,96.9201520912547,83.4797507769538,8.65956347102091,95.5748865355522
6037237600,4101,Los Angeles,90044,Los Angeles,-118.283872,33.9785135,55.1844810980297,92.6626323751891,90-95%,0.04435661,37.5731176104543,11.97286678,77.0379589296826,0.720485116,95.8058494088363,787.9403354,92.5315349069564,83.55132834,92.3629489603025,0,0,4081.556681,89.697424356089,3869.72791,98.525,7.9,52.3329600597238,1.5,10.6425369417234,0.03,4.11647915287889,0,0,0,0,53.1006179246485,6.48357490125861,78.3447417548226,92.68,90.4037886340977,5.83,71.6448550166795,19.61,86.0169491525424,34.9,85.180966843837,16.9,81.1882528082284,69.4,97.1482412060301,7.5,71.6684018740239,22.4,71.8884664131812,82.05169838175,8.51142802211124,94.5284921835603
6037231900,6162,Los Angeles,90037,Los Angeles,-118.2773419,33.9997716,55.1567010169665,92.6500252143217,90-95%,0.04490202,39.9875544492844,11.99843255,78.0584940883634,0.782495791,96.5774735532047,787.9403354,92.5315349069564,90.20358017,96.8367989918085,0,0,3178.380005,85.4963740935234,2757.231979,94.475,2.95,29.8618887644644,3.75,25.0871658641873,0.21,37.6836532097948,0,0,4.5,72.3940435280641,59.6653859313624,7.28513177092282,90.3671437461108,53.06,60.3065802592223,6.08,76.8154991018732,12.42,50.024925224327,53.5,97.8359908883827,15.7,78.7115983218297,64,94.3341708542714,5.3,48.2561166059344,40.7,98.8212927756654,72.9870843755121,7.57113292543503,83.9510842158346
6037228710,3982,Los Angeles,90011,Los Angeles,-118.2542903,33.9993679,55.0465140098556,92.5743822491175,90-95%,0.04588368,44.9782202862477,12.10765122,85.065339141257,0.120468727,43.5469819539515,787.9403354,92.5315349069564,87.64110487,95.2236925015753,0,0,3318.940104,86.0340085021255,764.8327164,41.5875,25.95,86.6927958193356,2.8,17.4663788809563,0.085,11.078755790867,0,0,0.5,22.0847651775487,49.90211948559,6.09303887716522,70.0933416303671,69.72,78.4022931206381,6.53,83.9876828329484,22.77,94.9027916251246,59.7,99.2786636294609,30.6,95.8857761537421,74.6,98.643216080402,5.5,51.2623633524206,36.3,97.0342205323194,87.0925519046197,9.03432837367123,97.9324256177509
6037234902,4088,Los Angeles,90043,Los Angeles,-118.3340918,33.9822575,55.0255957894853,92.5617750882501,90-95%,0.0438112,35.1586807716241,11.92854691,74.5115121344119,0.112238223,40.9583074051027,787.9403354,92.5315349069564,84.83943736,93.2073093887839,0,0,3355.600098,86.1840460115029,894.6097586,51.0625,2.25,27.491601343785,0,0,0.55,72.5876902713435,0,0,4,70.4238258877434,50.83469871839,6.20690661625249,72.4082140634723,126.52,96.8344965104686,7.88,95.9455991788555,15.01,66.3260219341974,30.4,80.6631232599342,10.1,62.2411693057247,66.5,95.8040201005025,9.6,84.5783446121812,44.6,99.4930291508238,85.4623215801702,8.86522050217468,96.9364599092284
6037209820,3073,Los Angeles,90015,Los Angeles,-118.2782548,34.0472132,54.9368999183743,92.5113464447806,90-95%,0.04676708,48.4505289359054,12.18410918,87.9900435594275,0.482436736,89.1723708774113,787.9403354,92.5315349069564,99.35233221,100,0,0,2053.230652,79.8949737434359,897.1774445,51.35,18.7,80.3658081373647,6,35.0157728706625,0.295,47.9814692256784,0,0,0,0,56.6733243508417,6.91980164625247,85.6004978220286,47.09,52.2058823529412,7.67,94.9704901206056,9.08,21.7347956131605,56.4,98.6332574031891,47.3,99.2827175531195,66.3,95.678391959799,11.8,91.7881311816762,39.5,98.4410646387833,76.5342176214413,7.93908593436725,88.7165910237015
6037209520,2797,Los Angeles,90006,Los Angeles,-118.2769503,34.0505519,54.9091633355376,92.4861321230459,90-95%,0.04676708,48.4505289359054,12.23163332,88.985687616677,0.24505,69.3341630367144,787.9403354,92.5315349069564,80.48423296,89.7038437303088,0,0,2013.733663,79.3573393348337,1018.64937,59.1,15.2,75.1026502426278,9,43.8485804416404,0.555,72.7068166776969,0,0,0,0,56.7324612875807,6.92702225448196,85.7498444306161,45.26,49.1151545363908,7.6,94.559917885553,9.37,24.2148554336989,54.1,97.9751961528727,42.4,98.9173095141426,73.1,98.3542713567839,11.7,91.5538781884435,37.3,97.5411913814956,76.415839301981,7.92680625502682,88.5274836106909
6037228600,5301,Los Angeles,90011,Los Angeles,-118.2608661,34.0036935,54.7487522429181,92.3096318709027,90-95%,0.04539285,42.5637834474175,12.05265861,81.3316739265712,0.137690023,48.0149346608587,787.9403354,92.5315349069564,93.15654076,98.7523629489603,0,0,3169.553263,85.4463615903976,1014.701527,58.8625,6.35,46.7711832773423,0,0,0.2,35.6187954996691,0,0,1.3,39.2898052691867,50.4039148931767,6.15430799676026,71.4125700062228,69.72,78.4022931206381,5.26,59.186553759302,22.77,94.9027916251246,60.7,99.3925588458618,23.2,90.4858573555285,66,95.5150753768844,10.8,89.1853201457574,34.2,95.5259822560203,85.759085815516,8.8960045990124,97.125567322239
6037208720,4319,Los Angeles,90057,Los Angeles,-118.2811045,34.0627628,54.5803706060896,92.1709531013616,90-95%,0.04756207,51.8979464841319,12.20870236,88.462974486621,0.261551884,71.8855009334163,787.9403354,92.5315349069564,89.57087557,96.4209199747952,0,0,1835.665019,77.4943735933984,699.2034601,36.05,2.8,29.5259425158641,5.5,32.3758924124191,0.175,30.1654533421575,0,0,0,0,49.0330900829726,5.98693055972038,67.8531425015557,74.85,81.9666001994018,6.81,87.7726456248396,19.42,85.6804586241276,42.5,91.7995444191344,33.5,97.0767356881851,66.4,95.7412060301507,8.6,78.9692868297762,29.4,89.5690747782002,87.8855355159395,9.116586548256,98.3862834089763
6037219700,4507,Los Angeles,90016,Los Angeles,-118.3490693,34.0277561,54.4777296811068,92.1079172970247,90-95%,0.04539285,42.5637834474175,11.94419228,75.3578095830741,0.245369101,69.4088363410081,787.9403354,92.5315349069564,76.9674471,86.5154379332073,0,0,2160.843648,80.6826706676669,2878.199432,95.25,8,53.4341172079134,7.3,38.0873318944048,0.77,80.6882859033752,0,0,2,52.8980526918671,60.1996919197816,7.35037042597994,91.1636589919104,99.57,92.4850448654038,4.85,48.2678983833718,16.87,75.5234297108674,31.2,81.4730447987851,8.7,56.3134388956557,48.8,80.5150753768844,4.9,43.0895366996356,31.5,92.6362484157161,71.4487965786082,7.41156248242331,82.0221886031266
6037209402,3963,Los Angeles,90057,Los Angeles,-118.277221,34.0546619,54.2402217331579,91.8431669188099,90-95%,0.04716458,50.5413814561294,12.23163332,88.985687616677,0.245309772,69.3963907902925,787.9403354,92.5315349069564,89.41107672,96.2822936357908,0,0,1950.475383,78.7571892973243,906.5086736,52,8,53.4341172079134,6,35.0157728706625,0.215,37.8821972203839,0,0,0,0,52.4633456285282,6.4057640804833,76.7143746110765,51.7,58.6241276171486,6.99,89.7998460354119,13.45,57.1286141575274,71.4,99.9367248797773,58.8,99.8375964271214,79.3,99.3844221105528,8.4,77.7589796980739,35.9,96.7680608365019,81.6273430302174,8.467408579472,94.1376701966717
6037212304,1832,Los Angeles,90005,Los Angeles,-118.2979144,34.0598537,53.6589050427779,91.4271306101866,90-95%,0.04716458,50.5413814561294,12.10099038,84.6048537647791,0.65627,94.6235220908525,787.9403354,92.5315349069564,90.37385032,96.950220541903,0,0,1811.783386,77.1317829457364,1051.655763,61.2125,8,53.4341172079134,1.05,7.18910841773203,0.24,41.0721376571807,0,0,1,35.7159221076747,55.6270686682298,6.79205403522263,83.5594275046671,43.91,47.4451645064806,6.43,82.6148319219913,13.25,55.5333998005982,36,86.2060237914452,32.2,96.6165922316958,67.6,96.4321608040201,10.2,87.0640291514836,27.5,85.95690747782,76.1598040504915,7.90024707761606,88.2375189107413
6037208802,3069,Los Angeles,90057,Los Angeles,-118.2786688,34.0621454,53.5648854347785,91.3767019667171,90-95%,0.04756207,51.8979464841319,12.20870236,88.462974486621,0.26026,71.7485998755445,787.9403354,92.5315349069564,78.60821013,88.0781348456207,0,0,1849.098653,77.6319079769943,766.5039872,41.7125,2.25,27.491601343785,3,22.1152249709447,0.26,44.7253474520185,0,0,0,0,48.9607781324389,5.9781012849235,67.6540136901058,74.85,81.9666001994018,7.66,94.919168591224,19.42,85.6804586241276,24.4,72.0830169577322,30.4,95.818107998376,50.2,82.1356783919598,10.1,86.7516918271733,29.3,89.3789607097592,86.377783490959,8.96018365728709,97.4911749873928
6037232200,3487,Los Angeles,90037,Los Angeles,-118.2978735,34.0017243,53.554380820516,91.3640948058497,90-95%,0.04490202,39.9875544492844,11.97864156,77.3242065961419,0.09386083,35.1586807716241,787.9403354,92.5315349069564,85.78756022,93.9382482671708,0,0,2960.65328,84.6961740435109,1067.871589,62.175,16.75,77.6222471071295,0,0,0.03,4.11647915287889,0,0,1.25,38.991981672394,48.5329971150509,5.92586930767027,66.5961418792782,91.04,90.0174476570289,7.89,96.0225814729279,17.25,77.2806580259222,38.7,88.9774740572007,16.1,79.5912843415888,50.5,82.462311557789,9.4,83.6283185840708,37.8,97.6932826362484,87.1220483103363,9.03738810965622,97.970247100353
6037197700,5332,Los Angeles,90012,Los Angeles,-118.2457754,34.0685435,53.441262479563,91.2884518406455,90-95%,0.04863521,56.9632856253889,12.80327609,92.9060360920971,0.46167355,88.1518357187306,787.9403354,92.5315349069564,56.62492923,60.9703843730309,0,0,1854.717346,77.68192048012,2097.011999,88.4125,8,53.4341172079134,26.25,76.1746637888096,1.775,91.80675049636,15,94.5611087778244,0.7,24.8339060710195,69.1888278558221,8.44794213826431,98.0833851897947,28.64,22.993519441675,6.96,89.4021041827046,9.18,22.5947158524427,28.7,78.5117691723614,27.1,94.0316686967113,45,76.1055276381909,4.8,41.8401874023946,32.9,94.3599493029151,60.9833001340611,6.32595034446376,67.0448814926878
6037228320,3122,Los Angeles,90011,Los Angeles,-118.2636361,34.0078219,53.3628460177636,91.2128088754413,90-95%,0.04539285,42.5637834474175,12.06807983,82.4642190416926,0.144743026,49.968886123211,787.9403354,92.5315349069564,91.50010282,97.8323881537492,0,0,2963.830038,84.7211802950738,740.8897098,39.55,1.25,18.9809630459127,0,0,0.15,26.6710787557909,0,0,4.5,72.3940435280641,48.6724050193262,5.94289098509179,66.9072806471686,69.72,78.4022931206381,6.57,84.526558891455,22.77,94.9027916251246,65.9,99.7722095671982,20.3,87.0212478007849,62.9,93.6055276381909,6,57.2488287350338,39,98.2509505703422,86.561817037358,8.97927391763175,97.6424609178013
6037232110,3038,Los Angeles,90037,Los Angeles,-118.2893178,33.9994947,53.035590118234,90.8850226928896,90-95%,0.04490202,39.9875544492844,11.96948377,76.8014934660859,0.109034851,40.161792159303,787.9403354,92.5315349069564,90.7509614,97.2904851921865,0,0,3104.243327,85.1837959489873,1020.806474,59.1875,9.8,60.1530421799179,0,0,0.145,24.7121111846459,0,0,0,0,46.5863565678712,5.68818488351957,61.1325451151213,100.68,92.8838484546361,6.61,85.1680780087247,20.14,87.8240279162512,49.2,96.1149076183245,18.2,83.840844498579,63.7,94.1331658291457,9.1,82.3269130661114,42.9,99.2902408111534,89.8832662456001,9.32381615652023,99.1048915784165
6037228220,4375,Los Angeles,90011,Los Angeles,-118.2513193,34.0060455,52.8213676433267,90.7211296016137,90-95%,0.04588368,44.9782202862477,12.15734144,87.255756067206,0.162896046,54.4617299315495,787.9403354,92.5315349069564,93.31574808,98.8783868935098,0,0,3131.960002,85.3338334583646,755.7290663,40.9375,8.75,54.6099290780142,0.3,2.10858376224473,0.055,7.65056254136334,0,0,1,35.7159221076747,48.7037466279393,5.94671778927809,67.0192906036092,69.72,78.4022931206381,5.64,67.654606107262,22.77,94.9027916251246,55.4,98.4054669703873,17.8,82.8393557991609,67.1,96.0929648241206,8.8,80.3878188443519,36.2,96.958174904943,85.6283266098005,8.88244061935535,97.0625315179022
6037600902,6491,Los Angeles,90302,Inglewood,-118.3522568,33.9720411,52.557162327233,90.5824508320726,90-95%,0.0438112,35.1586807716241,11.91340435,73.6652146857498,0.179141839,58.1456129433727,443.831967,53.453228425128,73.59989665,83.1379962192817,0,0,3392.523356,86.3090772693173,816.2428692,45.3375,1,17.077267637178,4.5,27.7602523659306,1.2,87.8226340172072,0,0,5,75.6701030927835,50.1559596670794,6.12403271290497,70.752955818295,93.09,90.4661016949153,6.8,87.6828329484219,18.02,80.6954137587238,22,68.2485446722349,10.6,64.1358776559751,55.7,87.8768844221106,9.9,85.8276939094222,29.6,89.8352344740177,82.7331482470529,8.58211652208863,95.0706001008573
6037218800,2752,Los Angeles,90018,Los Angeles,-118.3230095,34.0377797,52.4860313191482,90.5068078668684,90-95%,0.04588368,44.9782202862477,12.0039133,78.431860609832,0.600982371,92.9807093963908,787.9403354,92.5315349069564,69.73071315,78.8657844990548,0,0,2073.416972,80.0450112528132,4170.190184,99,7,50.3172825681224,15,59.604848082351,0.785,80.9927200529451,0,0,0,0,59.9637501261691,7.32156197984483,90.8151835718731,61.72,71.1365902293121,7.73,95.2655889145497,12.24,47.8813559322034,24.4,72.0830169577322,19.1,85.2483421301935,36.8,64.3718592964824,4.3,35.0208224882874,24,77.2116603295311,69.1074926329002,7.16869316460537,79.0468986384266
6037231800,5436,Los Angeles,90037,Los Angeles,-118.2774651,34.0074446,52.4315439400276,90.4563792233989,90-95%,0.04539285,42.5637834474175,12.0084908,78.6434349719975,0.926036877,97.7224642190417,787.9403354,92.5315349069564,96.48511158,99.8361688720857,0,0,2922.25,84.5211302825706,2446.699998,92.1,1.3,19.2235908921239,0,0,0.145,24.7121111846459,0,0,8,86.5063001145475,57.689343204427,7.04385734646407,87.2682016179216,50.62,57.4900299102692,5.35,61.008468052348,12.03,46.2612163509472,63.4,99.6330043027082,36.7,98.0240898633103,72.6,98.2788944723618,5.3,48.2561166059344,40.6,98.7832699619772,71.7574899062232,7.44358401385679,82.5012607160867
6037208903,4345,Los Angeles,90057,Los Angeles,-118.2733596,34.0597996,52.4116474094074,90.4311649016641,90-95%,0.04756207,51.8979464841319,12.20870236,88.462974486621,0.261264881,71.8481642812694,787.9403354,92.5315349069564,80.42984815,89.653434152489,0,0,1908.139669,78.269567391848,1030.418777,59.9625,2.2,26.0731616274729,2.8,17.4663788809563,0.325,53.5142289874255,0,0,0,0,50.8557614416666,6.2094783705809,72.4455507156192,74.85,81.9666001994018,4.72,44.4701052091352,19.42,85.6804586241276,62,99.4937990382182,54.1,99.7022601163892,75.2,98.7939698492462,7.3,69.9765747006767,31.1,92.1926489226869,81.3687859348325,8.4405878048826,93.8603126575895
6037209403,4148,Los Angeles,90017,Los Angeles,-118.2738446,34.0531328,52.1538461178768,90.2042360060514,90-95%,0.04716458,50.5413814561294,12.23163332,88.985687616677,0.495467319,89.6950840074673,787.9403354,92.5315349069564,75.1061391,84.8015122873346,0,0,2011.592977,79.3448362090523,757.4418663,41.05,9.6,59.7237775289287,6.3,35.6632907189108,0.395,60.2250165453342,0,0,0,0,54.286642026513,6.62838820851708,80.8711885500933,60.46,69.5413758723828,5.83,71.6448550166795,10.01,29.9975074775673,48.4,95.6719817767654,48.7,99.3368520774124,69.8,97.2989949748744,9.5,83.9796980739198,36.1,96.9201520912547,75.8513909605276,7.86825461593548,87.821482602118
6037209401,4472,Los Angeles,90057,Los Angeles,-118.2815247,34.0567212,52.0335281897906,90.1033787191125,90-95%,0.04716458,50.5413814561294,12.17561826,87.778469197262,0.298305705,76.2663347853142,787.9403354,92.5315349069564,71.66633908,81.0207939508507,0,0,1906.099304,78.2320580145036,826.539592,46.1125,5.95,44.8114968271743,11,49.8256682716254,0.19,31.542025148908,0,0,0,0,51.1188687090985,6.24160371567351,73.0802738021157,59.91,68.8559322033898,6.65,85.7711059789582,15.66,69.8778664007976,46.1,94.317894203999,33.5,97.0767356881851,74.3,98.605527638191,5.8,55.0234252993233,26.8,84.4613434727503,80.3659767274358,8.3365638960909,92.8895612708018
6037207301,4911,Los Angeles,90013,Los Angeles,-118.2516175,34.0465369,52.0081886719022,90.052950075643,90-95%,0.04716458,50.5413814561294,12.52185449,91.1636589919104,1.796607322,99.6017423771002,787.9403354,92.5315349069564,60.44327177,66.4398235664776,0.078828614,23.9310344827586,2168.826721,80.7576894223556,669.7749357,33.675,11.6,64.7443075774543,27.3,77.1542420720571,2.205,93.3951025810721,7,66.7366652666947,27,99.495990836197,71.6552426558724,8.74909089544809,98.8923459863099,69.4,77.9536390827517,5.52,65.0243777264563,9.26,23.2427716849452,12.3,49.1900784611491,13.4,72.5131952902964,37.4,65.2763819095477,4.4,36.4393545028631,22.6,72.5982256020279,57.3051883256139,5.94441060144439,61.3842662632375
6037208902,2692,Los Angeles,90017,Los Angeles,-118.2723721,34.0564462,51.8908751825224,89.8764498234998,85-90%,0.04756207,51.8979464841319,12.23163332,88.985687616677,0.63581348,94.051026757934,787.9403354,92.5315349069564,84.65101535,93.1064902331443,0,0,1928.154623,78.5071267816954,812.3132908,45.125,4.65,41.190742814483,4.75,28.0757097791798,0.385,59.7882197220384,0,0,0,0,53.9540458860917,6.58777828583499,80.1742377100187,53.55,60.8549351944167,6.98,89.6458814472671,10.57,34.7208374875374,72.9,99.9873449759555,52,99.5669238056571,74.7,98.6683417085427,7.5,71.6684018740239,25.2,80.7477820025348,75.9341551248749,7.87683994983527,87.922339889057
6037236100,6170,Los Angeles,90008,Los Angeles,-118.3402132,34.0126393,51.7944065749332,89.8008068582955,85-90%,0.04490202,39.9875544492844,11.91626655,73.9016801493466,0.080549801,30.0933416303671,787.9403354,92.5315349069564,76.49716386,86.0617517328292,0.516765032,38.3448275862069,2459.357341,82.3955988997249,599.0354028,28.35,1.5,20.4740574841359,11.25,50.1411256848746,0.435,64.6326935804103,0,0,0.2,9.66781214203895,48.9665700389903,5.97880847556297,67.6664592408214,118.41,95.7003988035892,8.64,98.2807287657172,15.95,71.2986041874377,18.2,61.6552771450266,8.7,56.3134388956557,50.4,82.3618090452261,13,94.3128578865174,39.3,98.3523447401774,83.5128613973843,8.66299811854338,95.5874936964196
6037207400,1539,Los Angeles,90012,Los Angeles,-118.2466502,34.0561941,51.7795809846413,89.7755925365608,85-90%,0.04791979,53.7274424393279,12.62517064,91.9228375855632,1.054895821,98.4194150591164,787.9403354,92.5315349069564,NA,NA,0.168341892,29.7931034482759,2025.671285,79.5573893473368,1934.587646,85.9625,37.15,92.4598730869727,40.05,86.1032707952847,2.135,93.0774321641297,7,66.7366652666947,15,96.0137457044674,79.6178965427487,9.72132935341896,99.9751088985688,30.75,26.3334995014955,NA,NA,10.73,35.9047856430708,11.3,46.2288028347254,23.8,91.2166734334822,34.2,60.4522613065327,10.6,88.4044768349818,NA,NA,51.3473480873568,5.32638892297488,52.5844679778114
6037210010,3561,Los Angeles,90015,Los Angeles,-118.2723121,34.046851,51.7336651532462,89.7251638930913,85-90%,0.04676708,48.4505289359054,12.2587974,89.34660858743,1.091297731,98.5812072184194,787.9403354,92.5315349069564,58.46759531,63.6420919974795,0,0,2096.768372,80.1450362590648,2512.857059,92.775,19.5,81.3736468831654,7.25,38.0209198074049,0.725,79.2190602250165,0,0,0,0,60.3635757864771,7.37038061355132,91.4623522090853,71.04,79.1001994017946,4.19,31.075186040544,12.26,48.3050847457627,46.1,94.317894203999,54,99.6751928542428,63.1,93.7562814070352,4,30.8823529411765,32.5,93.8910012674271,67.6656839654049,7.0191307431434,76.8532526475038
6037237201,3814,Los Angeles,90044,Los Angeles,-118.2991149,33.9857256,51.6707876819373,89.649520927887,85-90%,0.0438112,35.1586807716241,11.97005427,76.8512756689483,0.119697633,43.3354075917859,787.9403354,92.5315349069564,93.01002398,98.6641461877757,0,0,3552.810018,86.9717429357339,1058.012886,61.6625,3.2,31.9335572974991,0,0,0.41,62.4751819986764,0,0,0,0,47.5585232916471,5.80688624739177,63.7834474175482,95.52,91.3758723828514,7.79,95.5350269438029,17.63,79.2996011964108,45.2,93.7863831941281,9.3,58.952496954933,55.1,87.2989949748744,8.9,81.0124934929724,31.9,93.0671736375159,85.7801709792866,8.89819181581968,97.1507816439738
6037209810,2594,Los Angeles,90006,Los Angeles,-118.2823449,34.0491173,51.5331247924677,89.5108421583459,85-90%,0.04676708,48.4505289359054,12.18410918,87.9900435594275,0.300299997,76.5152457996266,787.9403354,92.5315349069564,92.98052087,98.6389413988658,0,0,2011.056702,79.3323330832708,1286.450026,71.8375,9.35,59.070548712206,3,22.1152249709447,0.145,24.7121111846459,0,0,0,0,53.3345362981908,6.51213628820508,78.855009334163,54.24,61.9267198404786,4.76,45.8686168847832,14.33,62.3629112662014,50,96.5072133637054,50.5,99.4451211259981,76.1,98.9321608040201,12,92.1915668922436,31.1,92.1926489226869,76.2865791094426,7.91339777175819,88.3761976802824
6037237401,4217,Los Angeles,90044,Los Angeles,-118.2948084,33.9784675,51.5301450820156,89.4982349974786,85-90%,0.0438112,35.1586807716241,11.95669453,76.1418792781581,0.10375673,38.5563161169882,787.9403354,92.5315349069564,92.11730743,98.1474480151229,0,0,3972.420085,89.2098024506127,1142.608541,66.05,1.25,18.9809630459127,7,37.605844263656,0.07,9.55658504301787,0,0,0,0,45.725864618461,5.58311898741554,58.6060983198507,125.58,96.7347956131605,7.39,93.1100846805235,24.53,97.432701894317,41.7,91.1921032649962,12.3,69.4681282988226,47,78.5175879396985,7.6,72.5273295158771,42.5,99.2522179974651,88.9753337330195,9.22963404472761,98.814926878467
6037208502,4364,Los Angeles,90057,Los Angeles,-118.2741645,34.066049,51.4140582912164,89.3343419062027,85-90%,0.04791979,53.7274424393279,12.20870236,88.462974486621,0.344706114,80.6596141879278,787.9403354,92.5315349069564,79.16139719,88.5570258349086,0,0,1818.157003,77.2068017004251,1086.472377,63.175,0.6,8.04404628592759,6,35.0157728706625,0.37,58.2660489741893,7,66.7366652666947,0,0,56.5642016895122,6.90647779097909,85.4138145612943,47.69,53.1904287138584,7.66,94.919168591224,12.31,48.9406779661017,44.3,93.0523917995444,25.3,92.6106374340235,55.4,87.5376884422111,6.6,63.4174908901614,17.7,52.6108998732573,71.7646233891171,7.44432398789018,82.5138678769541
6037221601,3141,Los Angeles,90007,Los Angeles,-118.2959265,34.0348166,51.0790015279982,88.9435199193142,85-90%,0.04588368,44.9782202862477,12.10569353,84.9408836341008,0.649868931,94.3995021779714,787.9403354,92.5315349069564,89.86523773,96.6603654694392,0,0,2212.823954,80.9827456864216,4741.799354,99.475,1,17.077267637178,0,0,0.185,31.3831899404368,0,0,0,0,52.7280515186024,6.43808461708301,77.4237710018668,44.97,48.678963110668,6.83,88.0934051834745,13.53,57.5398803589232,36.4,86.7248797772716,19.3,85.5325483827311,51.3,83.3417085427136,11.2,90.3305570015617,33.6,95.0570342205323,76.484047567992,7.93388166916347,88.6157337367625
6037231210,4040,Los Angeles,90037,Los Angeles,-118.2980282,34.0145285,51.0641246029565,88.9309127584468,85-90%,0.04490202,39.9875544492844,11.99266542,77.7846919726198,0.100361708,37.3490976975731,787.9403354,92.5315349069564,88.96881176,96.0302457466919,0,0,2614.636637,83.1957989497374,881.6927375,50.0875,0.5,7.70810003732736,0,0,0.06,8.76240900066181,0,0,5,75.6701030927835,45.8899094522901,5.60314882904195,59.116365899191,81.31,85.7926221335992,7.29,92.4172440338722,16.43,73.753738783649,48.1,95.3556061756517,22.8,90.0392475301123,58.4,90.4773869346734,9.3,83.2248828735034,45,99.5183776932826,87.8554842792424,9.11346925826484,98.3736762481089
6037237710,4410,Los Angeles,90044,Los Angeles,-118.2861364,33.9726959,50.93893940302,88.7922339889057,85-90%,0.0438112,35.1586807716241,12.03324822,80.2240199128811,0.417876664,85.9116365899191,787.9403354,92.5315349069564,88.5746384,95.8160050409578,0,0,4324.796793,90.5601400350088,3086.525215,96.275,1.7,21.0899589399029,0,0,0,0,0,0,0.2,9.66781214203895,50.0902695102417,6.11601195780308,70.5662725575607,80.94,85.6929212362911,4.85,48.2678983833718,17.08,76.5702891326022,48.3,95.5327765122754,12.3,69.4681282988226,71.4,97.7889447236181,11.3,90.5908381051536,40.1,98.6438529784537,80.2909721872099,8.32878348742106,92.8139183055976
6037232400,7361,Los Angeles,90062,Los Angeles,-118.3108346,33.9993836,50.6880066424049,88.5779122541604,85-90%,0.04435661,37.5731176104543,11.95360692,75.9427504667081,0.068441751,25.3018046048538,787.9403354,92.5315349069564,91.39601738,97.7693761814745,0,0,2965.403361,84.7336834208552,882.3457697,50.175,6.1,46.3419186263531,0,0,0.28,46.8034414295169,0,0,2.75,60.5269186712486,48.9137575144164,5.97236007680262,67.4922215308027,128.19,97.0089730807577,7.53,94.0338722093918,21.61,92.8215353938186,33.6,84.0420146798279,10.9,65.191500879686,46.1,77.5753768844221,3.2,19.5861530452889,40.2,98.6692015209126,81.8171548150084,8.48709823094614,94.3645990922844
6037235202,4331,Los Angeles,90043,Los Angeles,-118.330376,33.9730801,50.5130811726758,88.4140191628845,85-90%,0.0438112,35.1586807716241,11.93412511,74.8102053515868,0.090089992,33.6652146857498,821.4092681,95.2916198326464,73.22013769,82.6969124133585,0,0,3844.943319,88.5596399099775,1203.474272,68.825,0,0,0,0,0.5,69.3977498345467,0,0,4,70.4238258877434,49.2387111285646,6.01203684854479,68.4505289359054,131.73,97.40777666999,9.6,99.3199897356941,15.49,69.2173479561316,21.8,67.7803087825867,6.4,45.3782649884964,41.2,70.8417085427136,9.5,83.9796980739198,40.5,98.745247148289,80.9967084805698,8.40199127936191,93.5199193141705
6037209200,4545,Los Angeles,90017,Los Angeles,-118.2610818,34.0542091,50.4972576895741,88.3888048411498,85-90%,0.04756207,51.8979464841319,12.35408718,90.230242688239,1.710957781,99.5644057249533,787.9403354,92.5315349069564,40.27969005,37.5803402646503,0.001016038,4.82758620689655,2014.212036,79.3698424606152,2460.189061,92.25,12.4,69.8208286674132,5.5,32.3758924124191,0.545,71.9920582395764,0,0,6.2,80.2978235967927,62.6534317557837,7.64997157257106,93.8394523957685,79.97,85.1570289132602,5.51,64.7806004618938,12.37,49.5014955134596,12.8,50.2404454568464,12.5,69.9824062796048,49.9,81.6206030150754,3.6,25.2342529932327,23.9,76.8694550063371,63.6345704232119,6.60097324683294,70.839636913767
6037221402,2851,Los Angeles,90018,Los Angeles,-118.3090474,34.0384431,50.4222586100314,88.3131618759455,85-90%,0.04588368,44.9782202862477,12.02272051,79.6266334785314,0.500796178,89.9191039203485,787.9403354,92.5315349069564,80.24236885,89.5022054190296,0,0,2110.941671,80.2575643910978,4745.434734,99.5,7.25,50.9891750653229,10,47.4348331396314,0.76,80.4897418927862,0,0,0,0,59.9538552067003,7.32035381214311,90.7778469197262,37.01,36.5279162512463,7.61,94.6625609443161,8.1,14.3569292123629,21.9,68.0334092634776,23.4,90.7023954527,48.1,79.8241206030151,11.3,90.5908381051536,31.2,92.2813688212928,66.4011142925514,6.88795376616773,74.9495713565305
6037224320,2972,Los Angeles,90015,Los Angeles,-118.280853,34.0415884,50.3571430214747,88.2753403933434,85-90%,0.04632538,46.994399502178,12.18410918,87.9900435594275,0.707483047,95.5320472930927,787.9403354,92.5315349069564,91.87655828,98.0466288594833,0,0,2138.424662,80.5076269067267,2028.031741,87.6125,11.6,64.7443075774543,1.5,10.6425369417234,0.27,45.7313037723362,0,0,0,0,57.1757749717563,6.9811507672647,86.4467952706907,48.18,53.8260219341974,5.97,74.5188606620477,9.5,25.4985044865404,51.8,97.2918248544672,47.6,99.2962511841927,64.1,94.4346733668342,7,67.4778761061947,25.1,80.468948035488,69.5375218685153,7.21330117344039,79.5133635905194
6037236202,5764,Los Angeles,90008,Los Angeles,-118.3530792,34.0170719,50.3289757895343,88.2501260716087,85-90%,0.04490202,39.9875544492844,11.91185817,73.6029869321717,0.082476791,30.7405102675793,787.9403354,92.5315349069564,78.44046767,87.9017013232514,0,0,2296.334351,81.4328582145536,1245.180615,70.4125,4.25,38.3911907428145,3,22.1152249709447,0.35,56.3997352746525,0,0,0.5,22.0847651775487,48.9835315855471,5.9808794770285,67.7286869943995,86.99,88.6590229312064,8.32,97.587888119066,12.14,46.9341974077767,27.5,76.9298911667932,9,57.7615374204899,63.8,94.2336683417085,16.3,97.9047371160854,34.5,95.7541191381495,81.1219133946641,8.41497909844849,93.6459909228442
6037237500,2922,Los Angeles,90044,Los Angeles,-118.2893094,33.9783023,50.2485172802131,88.1744831064044,85-90%,0.0438112,35.1586807716241,11.97286678,77.0379589296826,0.109746165,40.3235843186061,787.9403354,92.5315349069564,90.97113515,97.4417139256459,0,0,4040.543295,89.4598649662416,1076.333369,62.7125,2.45,27.939529675252,2,14.3118047484642,0.02,2.51489080079418,0,0,0,0,44.2065681665304,5.39761319241168,54.6235220908525,125.58,96.7347956131605,8.06,96.7154221195792,24.53,97.432701894317,50.3,96.6337636041508,22,89.1324942482068,65.3,95.1758793969849,4.6,39.2113482561166,31.4,92.4841571609632,89.7442508711517,9.309395743818,99.0544629349471
6037207502,2888,Los Angeles,90071,Los Angeles,-118.253084,34.052707,50.1976998038013,88.0610186585981,85-90%,0.04756207,51.8979464841319,12.52185449,91.1636589919104,1.547860335,99.4523957685128,787.9403354,92.5315349069564,17.90738866,10.0945179584121,0.16066358,29.4137931034483,2047.616048,79.8449612403101,1616.561902,80.425,12.65,70.3247480403136,12.3,52.5319608168687,1.12,86.7504963600265,7,66.7366652666947,26.25,99.3814432989691,69.617004956665,8.50022247722869,98.2576228998133,47.79,53.352442671984,7.69,95.1629458557865,8.69,18.5194416749751,20.8,66.0971905846621,52.7,99.6075246988767,53.2,85.3391959798995,4.4,36.4393545028631,6.5,3.42205323193916,56.9296702669483,5.90545717341826,60.8169440242057
6037221500,3875,Los Angeles,90018,Los Angeles,-118.3046372,34.0348455,50.08538487302,87.9853756933938,85-90%,0.04588368,44.9782202862477,12.05421442,81.3814561294337,0.703051137,95.4449284380834,787.9403354,92.5315349069564,75.87183938,85.5450535601764,0,0,2157.38265,80.6451612903226,4887.222368,99.6,0.25,4.12467338559164,0.5,2.72289556699319,0.195,32.0317670416942,0,0,0,0,50.9358186172203,6.2192533358143,72.6322339763535,55.36,63.21036889332,6.5,83.615601744932,11.99,46.061814556331,42.1,91.4705137939762,21.9,89.0377588306943,53.6,85.678391959799,12.5,93.2977615825091,34.1,95.3865652724968,77.6350633430447,8.05327941613143,89.7629853756934
6037231220,4653,Los Angeles,90037,Los Angeles,-118.2893753,34.0145635,49.9867113971652,87.8719112455875,85-90%,0.04539285,42.5637834474175,12.00727367,78.593652769135,0.085129299,31.7237087741133,787.9403354,92.5315349069564,81.73364543,90.8506616257089,0,0,2658.420044,83.3833458364591,1098.399286,63.9,1.2,18.7010078387458,0,0,0.17,29.2389146260754,0,0,1.25,38.991981672394,46.0910175557969,5.62770408853416,59.8133167392657,71.2,79.1375872382851,7.18,91.4806261226585,14.89,65.5658025922233,48.9,95.9377372817008,25.5,92.8001082690486,60.8,92.1984924623115,9.4,83.6283185840708,38.6,98.0608365019011,85.6265519687645,8.88225653139932,97.0499243570348
6037218210,3721,Los Angeles,90019,Los Angeles,-118.3423056,34.0427907,49.9443120335705,87.8088754412506,85-90%,0.04632538,46.994399502178,12.00354413,78.4194150591164,0.108305441,39.8630989421282,787.9403354,92.5315349069564,87.20368298,94.8834278512917,0,0,1957.005005,78.8072018004501,1205.655764,68.925,0,0,4.8,28.3247551054292,0.95,84.4870946393117,7,66.7366652666947,1.3,39.2898052691867,56.2912278572182,6.87314774027662,84.9408836341008,57.36,66.0518444666002,5.83,71.6448550166795,10.34,32.6021934197408,44.5,93.2295621361681,22,89.1324942482068,51.9,84.1206030150754,5.5,51.2623633524206,41,98.93536121673,70.0511872140302,7.26658496526956,80.2193645990923
6037221110,3705,Los Angeles,90006,Los Angeles,-118.2878287,34.0457195,49.6806156678124,87.4936964195663,85-90%,0.04676708,48.4505289359054,12.18410918,87.9900435594275,0.22635,66.5214685749844,787.9403354,92.5315349069564,84.88023832,93.2577189666036,0,0,2034.583395,79.7199299824956,1278.19926,71.625,5.75,44.4382232176185,2.3,15.1419558359621,0.1,16.6379880873594,0,0,0,0,50.0892298865937,6.11588501996216,70.5538270068451,54.24,61.9267198404786,5.41,62.3941493456505,14.33,62.3629112662014,56.6,98.6838774993672,50.4,99.4180538638517,69.4,97.1482412060301,9.9,85.8276939094222,30.2,90.8745247148289,78.3092025280718,8.12320956094753,90.7085224407463
6037237300,5311,Los Angeles,90047,Los Angeles,-118.3110714,33.9782833,49.6469001623368,87.4558749369642,85-90%,0.0438112,35.1586807716241,11.95656498,76.1045426260112,0.082895727,30.9023024268824,787.9403354,92.5315349069564,89.72804391,96.5973534971645,0,0,3808.136678,88.2970742685671,889.3171622,50.75,0.6,8.04404628592759,2,14.3118047484642,0.29,47.5976174718729,0,0,3.95,67.6059564719359,48.3657523733139,5.9054487579239,66.1232109520846,142.48,98.5418743768694,7.36,92.8919681806518,19.97,87.4127617148554,26.6,75.7403189066059,2.5,19.8673704154825,43.4,73.8944723618091,8.4,77.7589796980739,39.5,98.4410646387833,81.0446546474716,8.40696485524844,93.5577407967726
6037218120,4638,Los Angeles,90019,Los Angeles,-118.3206759,34.0435631,49.1048512068724,86.8633383761977,85-90%,0.04632538,46.994399502178,12.05102217,81.1947728686994,0.14579,50.2053515868077,787.9403354,92.5315349069564,94.19190177,99.2312539382483,0,0,1985.835368,79.0822705676419,790.0911059,43.5125,11.5,64.6696528555431,17.5,64.2204881288394,0.58,73.6068828590337,0,0,0,0,54.5624752037721,6.66206738467185,81.4561294337274,68.9,77.691924227318,5.85,72.0810880164229,12.59,51.2587238285145,41.8,91.2680334092635,36,97.8481526593585,59.2,91.1306532663317,2.2,7.7693909422176,28.3,87.4904942965779,71.0559618027508,7.37081274798471,81.4926878466969
6037232300,6006,Los Angeles,90037,Los Angeles,-118.2981841,33.9974228,49.0264961772239,86.7498739283913,85-90%,0.04490202,39.9875544492844,11.96219866,76.3658991910392,0.079185319,29.4586185438706,787.9403354,92.5315349069564,96.23839771,99.7353497164461,0,0,3134.493368,85.346336584146,924.4081531,53.275,11.85,65.0802538260545,0,0,0.135,23.7193911317009,0,0,0,0,45.6450007798289,5.57324552878049,58.3571873055383,88.18,89.0578265204387,7.49,93.7516037977932,16.55,74.0777666999003,41.8,91.2680334092635,18.6,84.5445933143862,55.2,87.3869346733668,6,57.2488287350338,43.8,99.4296577946768,84.8023376290281,8.79675871519546,96.5078164397378
6037221810,2892,Los Angeles,90007,Los Angeles,-118.2923015,34.0306568,48.9974143939067,86.7246596066566,85-90%,0.04588368,44.9782202862477,12.10569353,84.9408836341008,0.619727344,93.4660858742999,787.9403354,92.5315349069564,65.59931046,73.6988027725268,0,0,2265.690348,81.3328332083021,1125.520357,65.3375,0.2,2.59425158641284,0,0,0.245,41.8133686300463,0,0,0,0,47.6509964046334,5.81817719611953,63.9825762289981,48.36,54.0628115653041,6.47,83.1665383628432,15.22,67.809072781655,38.5,88.7623386484434,22.1,89.2272296657193,66.9,95.9924623115578,16.2,97.852680895367,39.1,98.276299112801,81.1841715150226,8.42143728908529,93.6964195663137
6037231500,5396,Los Angeles,90062,Los Angeles,-118.3108266,34.0072777,48.9852965208511,86.6994452849218,85-90%,0.04490202,39.9875544492844,11.95605462,76.07965152458,0.086665548,32.4082140634723,787.9403354,92.5315349069564,92.44650716,98.3238815374921,0,0,2742.373332,83.6959239809952,989.1586558,57.225,2.75,29.4326241134752,0,0,0.135,23.7193911317009,0,0,5,75.6701030927835,48.6091212610957,5.93516405078186,66.7579340385812,128.19,97.0089730807577,7.26,92.1991275340005,21.61,92.8215353938186,29.1,79.0685902303214,11.8,68.1553660847205,45,76.1055276381909,2.9,15.8381051535659,27.8,86.425855513308,79.5642837967735,8.25340228201411,92.1961674230963
6037600912,5659,Los Angeles,90302,Inglewood,-118.3411003,33.9771678,48.9349888019153,86.636409480585,85-90%,0.0438112,35.1586807716241,11.91526102,73.8394523957685,0.112838896,41.1574362165526,443.831967,53.453228425128,90.34044417,96.9250157529931,0,0,3454.610107,86.5841460365091,843.7000887,47.2875,1,17.077267637178,1.75,11.0410094637224,0.515,70.1654533421575,0,0,3.3,64.8797250859106,47.0780186684792,5.74821672834529,62.4891101431238,85.25,87.8115653040877,6.33,80.9853733641263,15.78,70.376370887338,37.1,87.3702860035434,14.6,76.3296792529436,47.7,79.3090452261306,11.7,91.5538781884435,28.3,87.4904942965779,82.0675565560226,8.51307303021644,94.5410993444276
6037220000,4711,Los Angeles,90016,Los Angeles,-118.3401928,34.0278406,48.7688648693734,86.4725163893091,85-90%,0.04539285,42.5637834474175,11.9612643,76.3036714374611,0.221277194,65.7000622277536,787.9403354,92.5315349069564,78.67661409,88.2041587901701,0,0,2183.625386,80.8077019254814,923.4272424,53.1625,5.6,44.1769316909295,18.75,66.4452930433339,0.47,67.0416942422237,0,0,1,35.7159221076747,55.8314404668808,6.81700779124368,84.019912881145,95.03,91.2886340977069,6.24,79.4585578650244,16.16,72.2457627118644,21.1,66.628701594533,5.6,40.8986331032616,47.7,79.3090452261306,1.8,4.89328474752733,31.8,92.9404309252218,68.9658353387667,7.15399869896233,78.8199697428139
6037212203,2914,Los Angeles,90005,Los Angeles,-118.2903562,34.0597622,48.3312263684626,85.9430156328795,85-90%,0.04716458,50.5413814561294,12.12928682,86.2227753578096,0.64356,94.2501555693839,787.9403354,92.5315349069564,69.18229306,77.9962192816635,0,0,1846.290365,77.6069017254314,933.2470357,53.9875,3.25,32.1948488241881,2.3,15.1419558359621,0.385,59.7882197220384,0,0,0.1,2.52004581901489,51.7377103715281,6.31716415973605,74.9222153080274,34.81,33.0757726819541,8.53,98.0882730305363,11.03,38.110667996012,52.9,97.6082004555809,55.1,99.7293273785357,64.2,94.4974874371859,6.8,65.6298802706923,38.3,97.9594423320659,73.7548860721565,7.65077891698829,85.0353000504286
6037208301,2148,Los Angeles,90026,Los Angeles,-118.2658492,34.0619781,48.2975213392815,85.9051941502774,85-90%,0.04756207,51.8979464841319,12.33647073,89.9813316739266,0.26321,72.2464219041693,787.9403354,92.5315349069564,82.3623829,91.3673597983617,0,0,1908.107972,78.2570642660665,1088.525375,63.3125,12.65,70.3247480403136,11.5,50.8716586418728,0.195,32.0317670416942,7,66.7366652666947,1.75,43.9404352806415,62.5598648708821,7.63854707450972,93.7274424393279,35.25,33.9606181455633,5.38,61.7141390813446,7.06,7.8888334995015,55.7,98.46874209061,51.6,99.5263229124374,68.8,96.9346733668342,5.2,46.9937532535138,33.5,95.0063371356147,60.9535813303026,6.32286753857329,66.9566313666162
6037208801,3027,Los Angeles,90057,Los Angeles,-118.2770843,34.059675,48.1521312127504,85.690872415532,85-90%,0.04756207,51.8979464841319,12.20870236,88.462974486621,0.260254178,71.7361543248289,787.9403354,92.5315349069564,57.40229722,62.0793950850662,0,0,1895.203329,78.0945236309077,942.6264761,54.55,3.75,34.6211272863009,4,26.1663622779346,0.27,45.7313037723362,0,0,0,0,48.7139636323141,5.94796528348286,67.0815183571873,74.85,81.9666001994018,6.32,80.7287657172184,19.42,85.6804586241276,36.1,86.3578840799798,42.1,98.876708620923,58.5,90.5276381909548,1.5,3.21447162935971,28.3,87.4904942965779,78.0426904385708,8.09556359490968,90.3681290973273
6037224420,2637,Los Angeles,90007,Los Angeles,-118.2769037,34.0316495,48.0224350150745,85.4891578416541,85-90%,0.04588368,44.9782202862477,12.11034605,85.2395768512757,1.503027784,99.4275046670815,787.9403354,92.5315349069564,87.26278402,94.9086326402016,0,0,2339.069031,81.7204301075269,3366.191416,97.325,0.5,7.70810003732736,7.5,39.4487796779014,0.105,16.8762409000662,0,0,0,0,53.9464496626271,6.5868507884588,80.1493466085874,39.69,41.1266201395813,5.41,62.3941493456505,10.92,37.1759720837488,48.9,95.9377372817008,33.9,97.2391392610637,74.7,98.6683417085427,8.7,79.7241020301926,35.9,96.7680608365019,70.2831950399636,7.29065171769449,80.446293494705
6037208620,4446,Los Angeles,90057,Los Angeles,-118.2779829,34.069709,47.8613272078195,85.3000504286435,85-90%,0.04791979,53.7274424393279,12.19449024,88.2140634723087,0.277266988,73.9141257000622,787.9403354,92.5315349069564,64.56914771,72.3251417769376,0,0,1763.723328,76.5191297824456,993.8994974,57.45,3.3,32.2135125046659,5.5,32.3758924124191,0.795,81.1515552614163,0,0,0,0,52.6061838517366,6.42320459916519,77.0877411325451,44.33,48.043369890329,8.06,96.7154221195792,11.39,41.2387836490528,18.4,62.0349278663629,29.4,95.385031804033,44.8,75.8417085427136,10.5,88.0791254554919,28.1,86.9835234474018,71.8320276547605,7.45131600105653,82.5895108421583
6037208904,3978,Los Angeles,90057,Los Angeles,-118.2700929,34.0595681,47.5985729030945,85.0226928895613,85-90%,0.04756207,51.8979464841319,12.23163332,88.985687616677,0.263209978,72.221530802738,787.9403354,92.5315349069564,81.0836222,90.2583490863264,0,0,1909.310669,78.3195798949737,1057.477914,61.625,5.15,42.8331466965286,5.75,32.7743649344181,0.26,44.7253474520185,0,0,0.7,24.8339060710195,54.3310867429159,6.63381489956185,80.9583074051027,52.07,58.9855433698903,5.81,71.2599435463177,9.38,24.4391824526421,65.2,99.72158947102,62,99.9052645824875,82.3,99.6231155778894,5.7,53.8912024986986,25.2,80.7477820025348,69.1696736414047,7.17514335623658,79.0973272818961
6037701801,7001,Los Angeles,90404,Santa Monica,-118.4657238,34.0274538,47.5158689786027,84.947049924357,80-85%,0.04716458,50.5413814561294,11.77169218,68.6496577473553,0.766951429,96.341008089608,417.8039058,48.157861870863,51.86786691,54.1524889729049,0,0,1600.768351,74.593648412103,1867.487411,85.05,30.1,88.8204553938037,67.75,93.8734849742653,2,92.5215089344805,0,0,25,99.2439862542955,64.7544662495366,7.90650746693119,95.6689483509645,50.21,56.9042871385842,5.59,66.6410059019759,10.11,30.7951146560319,14,53.1257909390028,7.3,50.0067668155366,34.8,61.5452261306533,8.6,78.9692868297762,24.4,78.4664131812421,57.9347496723864,6.00971657553437,62.3171961674231
6037222200,4016,Los Angeles,90018,Los Angeles,-118.3024156,34.0309167,47.3389227545423,84.8461926374181,80-85%,0.04588368,44.9782202862477,12.05421442,81.3814561294337,0.595530372,92.8686994399502,787.9403354,92.5315349069564,80.95934993,90.119722747322,0,0,2245.592326,81.1702925731433,1078.48013,62.8625,0.1,2.07166853303471,0,0,0.145,24.7121111846459,0,0,0,0,47.2782874880998,5.7726695114417,62.9620410703174,62.18,71.6101694915254,6.37,81.7038747754683,14.72,64.6934197407777,37.7,88.0283472538598,22.2,89.2948978210854,56.5,88.6180904522613,9,81.6892243623113,24.8,79.5690747782003,79.0545408014004,8.20052536538153,91.5784165405951
6037213310,3015,Los Angeles,90006,Los Angeles,-118.2978915,34.0508743,47.1472059990129,84.6192637418054,80-85%,0.04676708,48.4505289359054,12.1093104,85.1400124455507,0.177458316,57.809583074051,787.9403354,92.5315349069564,80.72179478,89.9432892249527,0,0,1942.287699,78.6446611652913,1214.28459,69.2875,11.2,63.9417693169093,5,30.8816204549228,0.03,4.11647915287889,0,0,0.1,2.52004581901489,50.247920128974,6.13526106703626,70.9645301804605,54.24,61.9267198404786,7.72,95.2142673851681,14.33,62.3629112662014,38.3,88.5725132877753,39.5,98.4842333197997,49.5,81.143216080402,3.7,26.8610098906819,24.9,79.9112801013942,74.08120834998,7.68462914354647,85.451336359052
6037232600,6833,Los Angeles,90037,Los Angeles,-118.2979984,33.9920924,47.136547159708,84.606656580938,80-85%,0.04435661,37.5731176104543,11.97005427,76.8512756689483,0.118522495,43.0118232731798,787.9403354,92.5315349069564,96.1949342,99.7101449275362,0,0,3303.803263,85.9214803700925,832.797894,46.5375,9.5,59.6304591265398,0,0,0.495,68.3785572468564,0,0,1.5,42.3138602520046,51.5329315047907,6.2921607007825,74.3870566272558,79.44,84.6834496510469,4.9,49.6150885296382,15.29,68.3200398803589,39.2,89.3950898506707,12.4,69.7929354445798,49.7,81.356783919598,5,44.3519000520562,45.9,99.5817490494297,72.2176088418074,7.49131330257443,82.9929399899143
6037224410,3194,Los Angeles,90007,Los Angeles,-118.2799814,34.0351392,46.806584811435,84.1906202723147,80-85%,0.04632538,46.994399502178,12.17492801,87.7037958929683,1.50212,99.4150591163659,787.9403354,92.5315349069564,72.37437375,81.8273471959672,0,0,2255.255025,81.2578144536134,3712.548484,98.275,0.2,2.59425158641284,7.5,39.4487796779014,0.155,27.0814030443415,0,0,0,0,53.6087082095811,6.54561262412725,79.377722464219,45.99,50.3988035892323,4.76,45.8686168847832,14.02,60.3315054835493,37.7,88.0283472538598,23.7,91.0136689673839,66.3,95.678391959799,6.3,60.5674128058303,31.9,93.0671736375159,68.9353204553664,7.15083331373828,78.7695410993444
6037208401,4765,Los Angeles,90057,Los Angeles,-118.2691298,34.0637659,46.7014624691866,84.0771558245083,80-85%,0.04791979,53.7274424393279,12.33647073,89.9813316739266,0.329002585,79.3030491599253,787.9403354,92.5315349069564,65.18620811,73.169502205419,0,0,1855.292644,77.6944236059015,1156.58967,66.7125,6.65,47.3870847331094,13.75,55.6367258841109,0.31,51.7273328921244,7,66.7366652666947,0.7,24.8339060710195,60.8480963224253,7.4295404747506,91.9352831362788,41.87,44.5164506480558,4.22,31.6653836284321,10.62,35.0947158524427,46.5,94.5330296127563,47,99.2556502909731,70.4,97.4748743718593,6.4,61.5304528891202,21.2,67.7186311787072,60.5973555224967,6.28591534401114,66.3767019667171
6037211921,2521,Los Angeles,90020,Los Angeles,-118.292902,34.067232,46.6029296462509,83.9510842158346,80-85%,0.04756207,51.8979464841319,12.12349272,85.9240821406347,0.481605324,89.1350342252645,787.9403354,92.5315349069564,47.52019351,48.0529300567108,0,0,1744.579671,76.3190797699425,1404.191128,75.5125,5.85,44.6061963419186,0.5,2.72289556699319,0.5,69.3977498345467,0,0,0.1,2.52004581901489,51.2308848028016,6.25528085846498,73.3042937149969,52.8,60.0324027916251,5.98,74.6984860148832,15.82,70.6630109670987,34.3,84.5355606175652,48.3,99.3233184463391,63.9,94.2587939698492,0,0,38,97.7693282636248,71.8210167586724,7.45017381324858,82.5642965204236
6037234600,4908,Los Angeles,90043,Los Angeles,-118.327561,33.9920177,46.2672048014154,83.5728693898134,80-85%,0.0438112,35.1586807716241,11.92245429,74.2377100186683,0.059381059,21.5930304915993,735.5008877,84.4386162108155,77.87154028,87.296786389414,0,0,3094.916708,85.1587896974244,732.7808621,38.95,9,58.1746920492721,0,0,0.455,66.0886829913964,0,0,5.2,76.3573883161512,48.9441853554168,5.9760753101449,67.6042314872433,129.15,97.0837487537388,6.44,82.7559661277906,15.28,68.2701894317049,20.5,65.654264743103,6.2,44.3632426580051,27.4,49.3090452261307,8.1,76.0541384695471,37.1,97.4524714828897,74.6349669768399,7.74207191179013,86.2581946545638
6037217200,4156,Los Angeles,90019,Los Angeles,-118.3424594,34.049584,46.2458515022575,83.5350479072113,80-85%,0.04676708,48.4505289359054,12.01083645,78.8799004355943,0.083050348,30.9769757311761,787.9403354,92.5315349069564,81.54157142,90.6868304977946,0,0,1872.44696,77.8569642410603,1183.139111,68.0375,2.25,27.491601343785,13,54.5243234268637,0.945,84.3547319655857,7,66.7366652666947,4.5,72.3940435280641,60.9851105977735,7.44626989055555,92.0970752955818,68.9,77.691924227318,5.47,63.7670002566076,12.59,51.2587238285145,22.9,69.7798025816249,9.7,60.6171335769387,32.2,57.2989949748744,3.5,23.750650702759,20.8,66.0709759188847,59.8713638275815,6.21060640857421,65.4689863842663
6037234700,3690,Los Angeles,90043,Los Angeles,-118.3276852,33.9872213,46.0969184306318,83.3837619768028,80-85%,0.0438112,35.1586807716241,11.95162029,75.8805227131301,0.0659751,24.5550715619166,737.590708,84.551017859373,73.30954301,82.8481411468179,0,0,3222.950033,85.6589147286822,937.1354633,54.275,9,58.1746920492721,0,0,0.455,66.0886829913964,0,0,8.2,86.872852233677,50.9863608834184,6.22542453647791,72.7691350342253,137.44,98.1056829511466,10.09,99.576597382602,16.12,72.0837487537388,29.9,80.0303720577069,1.2,8.48558668290702,34.8,61.5452261306533,3,17.1134825611661,36.3,97.0342205323194,71.3818936443898,7.40462247362034,81.9591527987897
6037211320,3337,Los Angeles,90004,Los Angeles,-118.2941394,34.0708715,45.9748659138172,83.2324760463944,80-85%,0.04756207,51.8979464841319,12.12349272,85.9240821406347,0.345335597,80.6969508400747,787.9403354,92.5315349069564,88.3597604,95.6647763074984,0,0,1725.391988,76.0565141285321,1023.330182,59.4375,11.15,63.8297872340426,4.25,26.6146438651835,0.355,56.6909331568498,0,0,0,0,54.9931330177241,6.71465061821411,82.3895457373989,27.4,20.8000997008973,10.16,99.6022581472928,7.6,10.8175473579262,31.1,81.4097696785624,37.2,98.1188252808228,63.5,93.9824120603015,7.3,69.9765747006767,38.2,97.8707224334601,66.0058146164018,6.84694834145296,74.4074634392335
6037221710,2833,Los Angeles,90007,Los Angeles,-118.2876316,34.0346981,45.9472473993773,83.1568330811901,80-85%,0.04588368,44.9782202862477,12.10569353,84.9408836341008,0.637450321,94.1008089607965,787.9403354,92.5315349069564,73.60886976,83.1632010081915,0,0,2248.620951,81.2078019504876,3550.193888,97.85,1,17.077267637178,0,0,0.17,29.2389146260754,0,0,0,0,51.3187830464486,6.2660132165551,73.627878033603,48.36,54.0628115653041,5.09,54.8498845265589,15.22,67.809072781655,35.6,85.8516831181979,28.8,95.073758289349,56.1,88.3165829145729,5.4,49.8568453930245,32,93.2572877059569,70.6892438876964,7.3327721808793,80.9253656076652
6037213320,2469,Los Angeles,90006,Los Angeles,-118.2937,34.050883,45.9068710109697,83.1064044377206,80-85%,0.04676708,48.4505289359054,12.1093104,85.1400124455507,0.344280059,80.6347230864966,787.9403354,92.5315349069564,67.36037997,75.6647763074984,0,0,1956.520366,78.7946986746687,1305.459915,72.4125,10.65,62.5046659201195,3.5,23.4434667109414,0.035,4.93712772998015,0,0,0.1,2.52004581901489,50.6960849417601,6.18998190165875,71.9975108898569,54.24,61.9267198404786,6.37,81.7038747754683,14.33,62.3629112662014,31.2,81.4730447987851,54.3,99.7157937474624,56.7,88.8065326633166,3.4,22.5663716814159,24.6,79.0621039290241,71.4946356623585,7.41631748530119,82.0852244074634
6037211310,3873,Los Angeles,90004,Los Angeles,-118.298493,34.0709091,45.8872589848517,83.0685829551185,80-85%,0.04756207,51.8979464841319,12.08514397,83.4225264467953,0.24895,69.7946484131923,787.9403354,92.5315349069564,83.10210922,92.0478890989288,0,0,1719.085266,76.0065016254064,939.3403931,54.3875,2.1,25.9238521836506,6,35.0157728706625,0.135,23.7193911317009,0,0,0.1,2.52004581901489,49.1526497149528,6.00152876703712,68.2265090230243,56.78,65.09222333001,6,75.1218886322812,14.58,64.1201395812562,44.9,93.6092128575044,40.2,98.6195696305319,59.6,91.4572864321608,3.5,23.750650702759,29.1,89.0874524714829,73.7081258000351,7.64592835693524,84.947049924357
6037213202,3942,Los Angeles,90006,Los Angeles,-118.3045035,34.0490294,45.8361204754771,83.0433686333838,80-85%,0.04676708,48.4505289359054,12.08158891,83.1611698817673,0.161942372,54.1630367143746,787.9403354,92.5315349069564,80.80706606,89.9936988027725,0,0,1949.436381,78.7446861715429,1193.126075,68.4875,6,46.080627099664,6.5,36.1613813714096,0.025,3.63997352746525,0,0,0,0,48.6864784176792,5.9446093442353,66.9695084007467,54.24,61.9267198404786,5.65,67.9240441365153,14.33,62.3629112662014,36.1,86.3578840799798,43.2,98.9714440384355,58.8,90.7412060301507,7.4,70.9005726184279,23.6,75.9822560202788,74.3309488192598,7.71053534744482,85.791729702471
6037222001,3142,Los Angeles,90018,Los Angeles,-118.3132805,34.0281954,45.6084226193244,82.7407967725668,80-85%,0.04588368,44.9782202862477,12.0125659,79.0168014934661,0.20700783,63.4100808960797,787.9403354,92.5315349069564,82.65035572,91.6824196597353,0,0,2248.85201,81.2203050762691,1079.7208,62.8875,0,0,1,6.97326913498257,0.26,44.7253474520185,0,0,0,0,46.4238129656963,5.66833834197994,60.7716241443684,89.86,89.6061814556331,7.84,95.830125737747,18.08,80.89481555334,29.1,79.0685902303214,3.7,29.5303830017594,30.4,54.5477386934673,8.4,77.7589796980739,30.2,90.8745247148289,77.5665420916318,8.04617153523575,89.6747352496218
6037207101,3717,Los Angeles,90012,Los Angeles,-118.2448177,34.0612027,45.581474406366,82.7029752899647,80-85%,0.0482775,55.3827006845053,12.87564539,93.2545115121344,1.06783,98.4691972619788,787.9403354,92.5315349069564,35.84446071,31.6320100819156,0.12905431,27.551724137931,1938.143311,78.607151787947,2813.640873,94.8625,2.05,25.6812243374393,24.1,73.6510044828159,1.525,90.4831237590999,7,66.7366652666947,0.7,24.8339060710195,66.450005792252,8.11353250831283,96.7143746110765,30.75,26.3334995014955,2.62,5.49140364382859,10.73,35.9047856430708,25.3,73.8420652999241,32.5,96.7113276492083,53.3,85.4396984924623,10.5,88.0791254554919,26.9,84.6261089987326,54.1581140543144,5.61795671116926,56.3540090771558
6037213201,3932,Los Angeles,90006,Los Angeles,-118.3045301,34.0526559,45.5757780322852,82.6903681290973,80-85%,0.04676708,48.4505289359054,12.08158891,83.1611698817673,0.162813178,54.4368388301182,787.9403354,92.5315349069564,69.48855928,78.4625078764965,0,0,1896.468343,78.1320330082521,1481.97668,77.7375,4.95,41.7506532288167,6.3,35.6632907189108,0.045,5.57246856386499,0,0,0.25,11.5922107674685,49.0479176718954,5.98874100538266,67.8780336029869,54.24,61.9267198404786,4.85,48.2678983833718,14.33,62.3629112662014,29.1,79.0685902303214,45.3,99.1203139802409,67.4,96.2311557788945,8.7,79.7241020301926,30.9,91.9011406844106,73.364118518748,7.6102436207079,84.3419062027232
6037218701,2324,Los Angeles,90016,Los Angeles,-118.3333058,34.0373889,45.3946417800477,82.4256177508825,80-85%,0.04588368,44.9782202862477,11.98834506,77.6353453640324,0.652801587,94.4617299315495,787.9403354,92.5315349069564,64.69765951,72.4889729048519,0,0,2030.554586,79.6199049762441,4337.325545,99.2,0.7,9.59313176558417,3.3,22.6631246886933,0.705,78.5175380542687,0,0,0.5,22.0847651775487,55.6002130098965,6.78877496467446,83.5096453018046,42.89,45.9621136590229,7.98,96.3561714139081,8.01,13.771186440678,17.3,60.3138445963047,12.2,69.2245229395047,53.2,85.3391959798995,9.4,83.6283185840708,27.5,85.95690747782,64.4611908766948,6.68672065523746,72.2138174483106
6037221602,3030,Los Angeles,90007,Los Angeles,-118.2921024,34.0384299,45.3788696656695,82.375189107413,80-85%,0.04632538,46.994399502178,12.07444266,82.8500311138768,0.450569944,87.5295581829496,787.9403354,92.5315349069564,87.73557225,95.28670447385,0,0,2129.967733,80.4451112778195,4715.05973,99.4625,2.9,29.7312430011198,0,0,0.26,44.7253474520185,0,0,0,0,53.7220926516784,6.55945684198585,79.6888612321095,41.84,44.4790628115653,4.62,41.7244033872209,12.76,52.3928215353938,43.5,92.5208807896735,43.4,98.9849776695087,60.4,91.9095477386935,5.9,56.1946902654867,35.3,96.3117870722433,66.6915696425906,6.91808342654348,75.441250630358
6037221304,3656,Los Angeles,90019,Los Angeles,-118.3146461,34.045362,45.0551471388754,82.0474029248613,80-85%,0.04632538,46.994399502178,12.05102217,81.1947728686994,0.141261803,48.9607965152458,787.9403354,92.5315349069564,67.90767174,76.4335223692502,0,0,1999.740316,79.2198049512378,1023.196316,59.4,1.75,22.6203807390817,8.5,42.0720571143948,0.22,38.7028457974851,0,0,0,0,47.2875881695281,5.7738051227967,63.0118232731798,68.9,77.691924227318,6.57,84.526558891455,12.59,51.2587238285145,37.4,87.6740065806125,37.8,98.2812288537014,53.6,85.678391959799,3.8,28.2014575741801,35.7,96.6286438529785,75.2259073733417,7.80337163805274,86.9137670196672
6037222600,5549,Los Angeles,90007,Los Angeles,-118.295871,34.0218424,44.9634940717378,81.9591527987897,80-85%,0.04539285,42.5637834474175,12.03443249,80.2986932171749,0.294295017,75.7436216552582,787.9403354,92.5315349069564,77.5597433,87.044738500315,0,0,2452.013326,82.370592648162,1042.531443,60.6125,1,17.077267637178,0,0,0.185,31.3831899404368,0,0,0.5,22.0847651775487,48.1334702149512,5.87708715252588,65.42626011201,38.44,38.7587238285145,7.84,95.830125737747,11.22,39.7058823529412,29.1,79.0685902303214,19.3,85.5325483827311,65.3,95.1758793969849,11.9,91.9442998438313,34,95.3231939163498,73.7535731635556,7.65064272569333,85.0100857286939
6037209510,3076,Los Angeles,90006,Los Angeles,-118.2819584,34.0529626,44.8837839729795,81.8961169944529,80-85%,0.04676708,48.4505289359054,12.17561826,87.778469197262,0.262110924,71.9850653391413,787.9403354,92.5315349069564,75.57894603,85.2551984877127,0,0,1975.610738,78.9697424356089,1194.398891,68.55,6.3,46.6965285554311,11,49.8256682716254,0.08,10.5493050959629,0,0,0,0,51.5981450700835,6.30012326415143,74.5115121344119,34,31.8170488534397,6.56,84.3084423915833,8.9,20.2517447657029,48.2,95.4188812958745,53,99.6345919610231,68.6,96.8592964824121,7.6,72.5273295158771,33.6,95.0570342205323,68.6792526826929,7.12427076282371,78.3913262733232
6037221302,4373,Los Angeles,90019,Los Angeles,-118.3114921,34.0417457,44.5939300677469,81.5052950075643,80-85%,0.04632538,46.994399502178,12.02272051,79.6266334785314,0.142253926,49.2097075295582,787.9403354,92.5315349069564,79.77103073,89.0233144297416,0,0,2020.165975,79.4448612153038,1222.909357,69.5,7,50.3172825681224,10,47.4348331396314,0.485,68.060886829914,0,0,0,0,53.248404424367,6.5016196035195,78.7181082762912,48.43,54.1874376869392,6.39,82.0374647164486,9.79,27.8913260219342,37.1,87.3702860035434,25.7,92.9760454730004,60.3,91.8467336683417,4.3,35.0208224882874,25.1,80.468948035488,66.1209883044197,6.85889559635371,74.5839636913767
6037218600,3148,Los Angeles,90016,Los Angeles,-118.3427412,34.0371852,44.4887640708569,81.4044377206253,80-85%,0.04588368,44.9782202862477,11.98834506,77.6353453640324,0.568628017,91.9850653391413,787.9403354,92.5315349069564,83.37174057,92.2621298046629,0,0,2029.579671,79.5948987246812,4180.993157,99.05,1.5,20.4740574841359,1.5,10.6425369417234,0.57,73.3156849768365,7,66.7366652666947,1,35.7159221076747,61.9620906539478,7.56555896135754,93.1798382078407,63,72.4202392821535,4.48,38.1832178598922,10.82,36.6899302093719,25.9,74.8038471273095,5.7,41.4399783461903,40.9,70.4396984924623,4.9,43.0895366996356,30.7,91.6223067173638,56.6884346301991,5.88043319708317,60.5017650025214
6037219020,5411,Los Angeles,90018,Los Angeles,-118.3226729,34.0222083,44.3698610357251,81.3035804336863,80-85%,0.04539285,42.5637834474175,11.98833627,77.5980087118855,0.080917017,30.1804604853765,787.9403354,92.5315349069564,94.95948212,99.4328922495274,0,0,2350.4434,81.7454363590898,604.4825026,28.75,1,17.077267637178,4.5,27.7602523659306,0.255,43.6532097948379,0,0,0,0,43.6328916665509,5.32756740571316,53.1425015556938,89.86,89.6061814556331,6.01,75.3271747498075,18.08,80.89481555334,28.8,78.6256643887623,10.5,63.6892678305589,48,79.6608040201005,11.6,91.2675689744924,24.9,79.9112801013942,80.2868204913276,8.32835282161683,92.8013111447302
6037224700,6238,Los Angeles,90007,Los Angeles,-118.280016,34.0262403,44.2925461368371,81.2279374684821,80-85%,0.04588368,44.9782202862477,12.11034605,85.2395768512757,1.511094779,99.4399502177971,787.9403354,92.5315349069564,30.95647773,25.1165721487083,0,0,2430.050008,82.2705676419105,2794.645689,94.6875,0.75,9.79843225083987,0,0,0.71,78.7557908669755,0,0,0,0,49.5922750455957,6.05520693258611,69.4088363410081,48.36,54.0628115653041,NA,NA,15.22,67.809072781655,7.5,32.1564160971906,12.2,69.2245229395047,86.3,99.8366834170854,20.9,99.3753253513795,56.2,99.8859315589354,70.5158590231493,7.31478653495336,80.7614725163893
6037236204,3109,Los Angeles,90008,Los Angeles,-118.3491896,34.0147165,44.2382752463208,81.1522945032779,80-85%,0.04490202,39.9875544492844,11.91626655,73.9016801493466,0.102293483,38.0211574362166,787.9403354,92.5315349069564,91.55057123,97.8449905482042,0,0,2370.169373,81.8704676169042,790.0223118,43.5,4.25,38.3911907428145,0,0,0.09,11.1978821972204,0,0,0.2,9.66781214203895,42.921907764381,5.24075641248048,51.3130056004978,105.63,94.1674975074776,6.69,86.3484731845009,14.4,62.8364905284148,29.6,79.7266514806378,6.8,47.6789822709433,67,96.0427135678392,10.1,86.7516918271733,38.3,97.9594423320659,81.3746916845982,8.44120042308598,93.8855269793243
6037206031,4131,Los Angeles,90021,Los Angeles,-118.2331623,34.0320283,44.1889295457634,81.089258698941,80-85%,0.04753555,50.9894212818917,12.35063461,90.1555693839452,0.759780738,96.241443683883,787.9403354,92.5315349069564,35.87976697,31.6824196597354,0,0,2513.113281,82.6081520380095,2089.210148,88.3375,276.2,99.9813363195222,79.05,95.1685206707621,20.81,99.9602911978822,7,66.7366652666947,64.25,100,75.1686243098592,9.17807409753918,99.5892968263846,85.61,87.9361914257228,5.53,65.178342314601,8.78,19.3544366899302,3.7,14.7810680840294,9.5,59.7915820814725,26.7,48.0276381909548,2.8,14.3935450286309,15.2,39.6958174904943,46.4137934926005,4.81461895776275,44.9445284921836
6037213402,4857,Los Angeles,90006,Los Angeles,-118.2878882,34.0498405,44.1684225308056,81.0388300554715,80-85%,0.04676708,48.4505289359054,12.17561826,87.778469197262,0.390505894,84.2439327940261,787.9403354,92.5315349069564,78.02952715,87.4984247006931,0,0,2004.698019,79.2948237059265,1342.148868,73.5875,5.85,44.6061963419186,2.75,17.217333554707,0.035,4.93712772998015,0,0,0,0,50.5661450285045,6.17411626406012,71.7859365276913,54.24,61.9267198404786,4.47,37.8752886836028,14.33,62.3629112662014,34.9,85.180966843837,33.4,96.9955339017458,58.7,90.6909547738694,6.6,63.4174908901614,26.2,83.0798479087453,68.9639660635497,7.15380479436587,78.8073625819465
6037219010,3027,Los Angeles,90018,Los Angeles,-118.3229262,34.0276144,44.1560722980451,81.0262228946041,80-85%,0.04539285,42.5637834474175,12.00024046,78.1829495955196,0.085,31.6365899191039,787.9403354,92.5315349069564,94.6492728,99.3194706994329,0,0,2260.333659,81.2828207051763,722.4187406,38.125,1,17.077267637178,2.25,14.9261165532127,0.355,56.6909331568498,0,0,0,0,44.5498002626166,5.43952176316783,55.556938394524,89.86,89.6061814556331,7.83,95.7274826789838,18.08,80.89481555334,32,82.4601366742597,11.8,68.1553660847205,45,76.1055276381909,3,17.1134825611661,33.5,95.0063371356147,78.2554982907213,8.11763868600276,90.6454866364095
6037702803,3063,Los Angeles,90066,Culver City,-118.4325909,33.9954427,44.0044102034978,80.8245083207262,80-85%,0.04539285,42.5637834474175,11.63317139,63.9950217797138,0.134025356,46.9819539514624,440.6380342,52.7163731734732,82.52800893,91.518588531821,0,0,2031.287333,79.6324081020255,937.0591385,54.2375,10,61.384845091452,32,81.3382035530467,0.86,82.7399073461284,15,94.5611087778244,2.25,55.5097365406644,61.0060558361005,7.44882729999495,92.1219663970131,34.22,32.0663010967099,5.53,65.178342314601,11.92,45.3140578265204,18.2,61.6552771450266,15.8,78.9958045743673,40.7,70.1256281407035,6.3,60.5674128058303,19.4,60.5576679340938,56.9499625996407,5.90756214787362,60.8673726676752
6037211922,3269,Los Angeles,90020,Los Angeles,-118.2953981,34.0672221,43.8100099184762,80.547150781644,80-85%,0.04756207,51.8979464841319,12.12349272,85.9240821406347,0.328605606,79.2657125077785,787.9403354,92.5315349069564,73.06073275,82.5582860743541,0,0,1733.256978,76.194048512128,1566.875575,79.4375,3.5,33.8745800671892,3.5,23.4434667109414,0.375,58.8087359364659,0,0,0.25,11.5922107674685,54.165358784303,6.61357954873365,80.622277535781,43.86,47.382851445663,6.21,79.1891198357711,12.93,53.3399800598205,21.5,67.299417868894,40.9,98.6737041548247,42,72.0854271356784,3.4,22.5663716814159,24.3,78.1115335868188,63.8589706663056,6.62425084565058,71.2682803832577
6037222002,5243,Los Angeles,90018,Los Angeles,-118.3132782,34.0218914,43.6471942381128,80.3202218860313,80-85%,0.04539285,42.5637834474175,12.004739,78.4940883634101,0.094932545,35.5071561916615,787.9403354,92.5315349069564,90.52230727,97.1140516698173,0,0,2385.983358,81.9329832458115,985.7699111,57.0125,0,0,0,0,0.07,9.55658504301787,0,0,0,0,41.0667804882907,5.01424574055258,45.9116365899191,89.86,89.6061814556331,8.54,98.1139337952271,18.08,80.89481555334,39.7,89.7241204758289,6.8,47.6789822709433,44.4,75.3015075376884,9.8,85.4893284747527,32,93.2572877059569,83.9142777805504,8.70463804458511,95.8900655572365
6037221120,3197,Los Angeles,90006,Los Angeles,-118.2878972,34.0421001,43.5838544662949,80.2067574382249,80-85%,0.04632538,46.994399502178,12.18410918,87.9900435594275,0.22635,66.5214685749844,787.9403354,92.5315349069564,91.34941061,97.6937618147448,0,0,2120.840332,80.3575893973493,1272.219146,71.4,4.65,41.190742814483,0,0,0.2,35.6187954996691,0,0,0,0,50.4113690339135,6.15521814586362,71.4499066583696,35.37,34.1849451645065,6.73,87.0156530664614,9.75,27.6296111665005,50.7,96.8109339407745,41.6,98.7819732034105,64.9,94.8492462311558,6.1,58.3550234252993,27.4,85.7541191381495,68.260164493457,7.08079769611152,77.7609682299546
6037221820,2363,Los Angeles,90007,Los Angeles,-118.2864985,34.0304526,43.0829613284656,79.6268280383258,75-80%,0.04588368,44.9782202862477,12.05189368,81.2694461729932,0.687944714,95.1088985687617,787.9403354,92.5315349069564,40.09622061,37.2904851921865,0,0,2314.562337,81.5203800950238,1184.396045,68.1375,0.1,2.07166853303471,0,0,0.33,53.9510258107214,0,0,0,0,45.4712183914312,5.55202673367541,57.909147479776,48.36,54.0628115653041,6.06,76.4434180138568,15.22,67.809072781655,8.1,34.7760060744115,19.6,85.965624577074,71.6,97.8768844221105,31.8,99.9219156689224,41.2,98.9987325728771,74.8064667250089,7.75986200987633,86.4599092284418
6037237402,3335,Los Angeles,90047,Los Angeles,-118.3013342,33.9784618,43.049855689783,79.5637922339889,75-80%,0.0438112,35.1586807716241,11.95669453,76.1418792781581,0.069888923,25.9116365899191,787.9403354,92.5315349069564,84.14382885,92.7536231884058,0,0,3896.409871,88.7721930482621,1013.053315,58.7375,0.7,9.59313176558417,5,30.8816204549228,0.18,30.5890138980807,0,0,0,0,43.9048383898496,5.36077204661134,53.7274424393279,96.6,91.6749750747757,9.54,99.2814985886579,15.88,70.8374875373878,29.5,79.5874462161478,10.6,64.1358776559751,35.9,63.0150753768844,4.1,32.274856845393,40.7,98.8212927756654,77.4157817538102,8.03053278808894,89.4982349974786
6037212800,3543,Los Angeles,90019,Los Angeles,-118.3305985,34.0518662,42.9440424842047,79.4125063035804,75-80%,0.04632538,46.994399502178,12.0118796,78.954573739888,0.083974205,31.2258867454885,787.9403354,92.5315349069564,85.54216028,93.6735979836169,0,0,1843.970337,77.569392348087,1030.397324,59.95,9,58.1746920492721,10,47.4348331396314,0.95,84.4870946393117,0,0,0,0,52.7480567573989,6.44052725276643,77.4611076540137,68.9,77.691924227318,5.42,62.6122658455222,12.59,51.2587238285145,17.8,61.0984560870666,17.1,81.5536608472053,29.8,53.6180904522613,5.5,51.2623633524206,23.6,75.9822560202788,64.2786349928157,6.6677836765241,71.8734241048916
6037234800,3317,Los Angeles,90043,Los Angeles,-118.3220826,33.9818234,42.9081345464271,79.3494704992436,75-80%,0.0438112,35.1586807716241,11.95162029,75.8805227131301,0.122938217,44.0323584318606,787.9403354,92.5315349069564,83.41119957,92.3251417769376,0,0,3528.596639,86.7966991747937,843.8931695,47.3375,0.9,11.832773422919,0,0,0.42,63.0708140304434,0,0,8.5,87.7205040091638,50.3468092454436,6.14733540851491,71.2632233976353,132.38,97.4451645064806,6.55,84.1544778034385,15.43,68.8933200398804,20.8,66.0971905846621,6.1,43.8760319393693,23.4,41.4824120603015,3.9,29.4117647058824,23.1,74.5247148288973,67.2880384702112,6.97995663080192,76.3615733736763
6037234502,3017,Los Angeles,90043,Los Angeles,-118.3244227,34.0018666,42.8073075972672,79.2107917297025,75-80%,0.04490202,39.9875544492844,11.93136639,74.6608587429994,0.060322639,22.1281891723709,736.6402297,84.4760834270014,86.22769808,94.2028985507246,0.038786511,19.448275862069,2796.673299,83.9084771192798,645.8372524,31.7875,0.1,2.07166853303471,0,0,0.25,43.2958305757776,0,0,0,0,40.5744863842316,4.95413672823102,44.4306160547604,137.55,98.1181455633101,6.67,86.0277136258661,16.03,71.6600199401795,23.4,70.5770690964313,9.4,59.3720395182027,49.2,80.8668341708543,18.1,98.7116085372202,36.4,97.1102661596958,83.2980949364664,8.64071985606108,95.4488149268785
6037212204,3584,Los Angeles,90005,Los Angeles,-118.2865323,34.0598252,42.7112635761037,78.9838628340898,75-80%,0.04716458,50.5413814561294,12.12928682,86.2227753578096,0.64356,94.2501555693839,787.9403354,92.5315349069564,84.93372181,93.3585381222432,0,0,1861.426615,77.7319329832458,682.2628755,34.7125,2.95,29.8618887644644,7,37.605844263656,0.28,46.8034414295169,0,0,0,0,51.7304798301565,6.31628131207077,74.8973242065961,30.5,25.7602193419741,7.96,96.2406979727996,8.87,20.0274177467597,42.5,91.7995444191344,41,98.7007714169712,59.3,91.1683417085427,4.9,43.0895366996356,29.9,90.4055766793409,65.1877662692847,6.76209013909499,73.2349974785678
6037221220,3376,Los Angeles,90006,Los Angeles,-118.2960214,34.0435737,42.6072739066068,78.857791225416,75-80%,0.04632538,46.994399502178,12.07444266,82.8500311138768,0.191841524,60.5102675793404,787.9403354,92.5315349069564,85.52881144,93.6609955891619,0,0,2055.622315,79.9574893723431,1215.12494,69.3375,11.25,64.2217245240762,2.75,17.217333554707,0.145,24.7121111846459,0,0,0,0,50.8969294562166,6.21450497698028,72.5451151213441,36.24,35.3439680957129,6.51,83.6925840390044,9.96,29.648554336989,47,94.7228549734244,49.6,99.3639193395588,55.9,88.0904522613065,6.2,59.3831337844872,22.3,71.5716096324461,66.09404807774,6.85610101921751,74.5335350479072
6037231400,4745,Los Angeles,90062,Los Angeles,-118.3129995,34.0145548,42.5800841326265,78.7695410993444,75-80%,0.04490202,39.9875544492844,11.98149623,77.4486621032981,0.090579537,33.8767890479154,787.9403354,92.5315349069564,89.92301283,96.698172652804,0,0,2545.476664,82.7331832958239,1043.388944,60.7,0,0,0,0,0.11,19.2455327597617,0,0,1.25,38.991981672394,44.2138256668172,5.39849933175514,54.6608587429994,95.26,91.3010967098704,6.85,88.4013343597639,16.5,73.9282153539382,34.9,85.180966843837,12.9,71.1598321829747,41.5,71.4195979899498,3.9,29.4117647058824,25.1,80.468948035488,76.0358853797419,7.88739268377069,88.023197175996
6037221303,2806,Los Angeles,90006,Los Angeles,-118.3084384,34.0453825,42.4836733699511,78.6560766515381,75-80%,0.04632538,46.994399502178,12.08158891,83.1611698817673,0.142859236,49.4088363410081,787.9403354,92.5315349069564,80.78511264,89.9810964083176,0,0,2002.174337,79.2323080770193,1275.751133,71.5375,0.9,11.832773422919,2.55,16.8686700979578,0.11,19.2455327597617,0,0,0,0,45.9337021784798,5.6084959122112,59.2906036092097,41.65,44.1425722831505,6.83,88.0934051834745,10.25,31.9666001994018,43.5,92.5208807896735,41.9,98.8496413587766,64.2,94.4974874371859,8.1,76.0541384695471,33.1,94.638783269962,73.0231894101856,7.57487819104098,84.0393343419062
6037218300,5290,Los Angeles,90019,Los Angeles,-118.3548171,34.0427467,42.346316759129,78.5047907211296,75-80%,0.04632538,46.994399502178,11.85097115,71.3503422526447,0.22615487,66.471686372122,787.9403354,92.5315349069564,82.54560932,91.5563957151859,0,0,1933.319926,78.5571392848212,923.7156716,53.2125,9,58.1746920492721,5.55,32.4423044994189,0.96,84.7121111846459,7,66.7366652666947,8.25,87.1019473081329,63.6673478567033,7.77377052709986,94.8226509023024,53.46,60.6555333998006,5.3,59.7639209648448,9.42,24.7258225324028,25.3,73.8420652999241,0.4,0.920286912978752,40.7,70.1256281407035,5.4,49.8568453930245,28.8,88.4790874524715,52.5132708027516,5.44733300417179,54.0342914775593
6037218220,3859,Los Angeles,90019,Los Angeles,-118.3348919,34.0434012,42.3414517323844,78.4921835602622,75-80%,0.04632538,46.994399502178,12.00885913,78.6807716241444,0.092006976,34.411947728687,787.9403354,92.5315349069564,75.17465122,84.9275362318841,0,0,1957.310283,78.832208052013,1171.41166,67.5,4.5,40.836132885405,1,6.97326913498257,1,85.1356717405692,0,0,0.2,9.66781214203895,49.8307255640216,6.08432169352265,69.8942128189172,68.9,77.691924227318,5.25,58.7888119065948,12.59,51.2587238285145,27.1,76.4236902050114,13.9,74.0966301258628,45,76.1055276381909,4.2,33.5762623633524,38,97.7693282636248,67.0870538533421,6.95910799349433,76.1094301563288
6037231300,5754,Los Angeles,90062,Los Angeles,-118.304538,34.0145164,42.0644556330593,78.1770045385779,75-80%,0.04490202,39.9875544492844,11.98149623,77.4486621032981,0.098137047,36.6894835096453,787.9403354,92.5315349069564,87.14947176,94.8456206679269,0,0,2582.206665,82.9957489372343,1030.044854,59.9,0.25,4.12467338559164,0,0,0.11,19.2455327597617,0,0,5,75.6701030927835,46.9692376637379,5.73493458927348,62.2775357809583,65.75,74.9127617148554,8.19,97.1901462663587,11.65,43.4072781655035,41,90.6352822070362,7.4,50.5210447963188,47.5,79.1331658291457,4,30.8823529411765,35.8,96.7300380228137,70.7085527374354,7.33477513618655,80.9631870902673
6037212900,4067,Los Angeles,90019,Los Angeles,-118.3215149,34.0494541,41.6982551844595,77.6348966212809,75-80%,0.04632538,46.994399502178,12.05102217,81.1947728686994,0.112083167,40.8587429993777,787.9403354,92.5315349069564,90.41422799,96.9754253308129,0,0,1871.047953,77.8319579894974,1102.413226,64.1125,9,58.1746920492721,12.25,52.415739664619,0.72,78.9808074123097,0,0,0,0,54.3463604082069,6.63567981106008,80.9956440572495,68.9,77.691924227318,2.98,8.92994611239415,12.59,51.2587238285145,26.6,75.7403189066059,28.9,95.1008255514955,47.5,79.1331658291457,4.4,36.4393545028631,29.4,89.5690747782002,60.5783729848688,6.28394623787582,66.3514876449824
6037218110,3195,Los Angeles,90019,Los Angeles,-118.3275531,34.0443254,41.2072769685781,76.9541099344428,75-80%,0.04632538,46.994399502178,12.00885913,78.6807716241444,0.123716246,44.1568139390168,787.9403354,92.5315349069564,85.60308531,93.7870195337114,0,0,1941.170024,78.6321580395099,1091.163876,63.5,10.75,62.896603210153,8.75,42.5701477668936,0.99,84.9768365320979,0,0,0,0,54.2197972960694,6.62022648020724,80.7467330429372,63.71,72.968594217348,3.94,25.211701308699,11.71,43.7811565304088,26.4,75.4492533535814,17.8,82.8393557991609,51.8,83.8693467336683,4,30.8823529411765,29.9,90.4055766793409,60.0048305601021,6.22445124676281,65.6202723146747
6037236203,3118,Los Angeles,90016,Los Angeles,-118.3467706,34.0184552,41.1938741651623,76.928895612708,75-80%,0.04490202,39.9875544492844,11.91626655,73.9016801493466,0.109582045,40.2986932171749,787.9403354,92.5315349069564,78.34402807,87.8008821676118,0.041767655,19.8620689655172,2309.318339,81.4953738434609,753.0939127,40.6,3,31.2430011198208,4.8,28.3247551054292,0.335,54.6393117140966,0,0,0.5,22.0847651775487,48.7926045160724,5.95756731976935,67.3304293714997,60.07,69.055333998006,9.18,98.8709263536053,9.04,21.4356929212363,21.8,67.7803087825867,3.1,24.766544863987,63.1,93.7562814070352,NA,NA,33,94.4740177439797,66.6574696451732,6.91454614847006,75.3782148260212
6037601303,5084,Los Angeles,90302,Inglewood,-118.3617818,33.9741892,41.0572430373135,76.7523953605648,75-80%,0.0438112,35.1586807716241,11.87102583,71.9850653391413,0.215396944,64.7542003733665,443.831967,53.453228425128,61.47499813,67.8260869565217,0,0,3073.556681,85.0837709427357,782.0846437,42.8875,0.25,4.12467338559164,1.35,7.65399302673087,0.395,60.2250165453342,0,0,3.7,67.147766323024,44.3724743527552,5.41787030479588,55.0591163658992,93.43,90.6156530408774,7.84,95.830125737747,18.08,80.89481555334,12.9,50.5188559858264,4.4,33.9423467316281,35.3,62.248743718593,6.1,58.3550234252993,24.9,79.9112801013942,73.0543907182682,7.57811478081521,84.0771558245083
6037211804,3221,Los Angeles,90020,Los Angeles,-118.3066067,34.0671619,40.9487021395262,76.588502269289,75-80%,0.04756207,51.8979464841319,12.08514397,83.4225264467953,0.243488789,69.1599253266957,787.9403354,92.5315349069564,45.38792021,44.8645242596093,0,0,1682.291626,75.6189047261815,1426.912014,76.1875,0.95,11.926091825308,6.5,36.1613813714096,0.175,30.1654533421575,0,0,0.5,22.0847651775487,47.8294179602924,5.83996243262574,64.4928438083385,52.8,60.0324027916251,5.28,59.314857582756,15.82,70.6630109670987,9.5,40.0658061250316,39.2,98.4030315333604,44.4,75.3015075376884,5.4,49.8568453930245,34.3,95.6400506970849,67.5951026855323,7.01180917034,76.7397881996974
6037224310,2422,Los Angeles,90006,Los Angeles,-118.2827213,34.044384,40.8715262831564,76.3993948562784,75-80%,0.04676708,48.4505289359054,12.18410918,87.9900435594275,0.619749467,93.4785314250156,787.9403354,92.5315349069564,95.87884028,99.6597353497165,0,0,2100.250672,80.1825456364091,1250.225218,70.7125,7,50.3172825681224,0,0,0.175,30.1654533421575,0,0,0,0,53.1159673784712,6.48544906652151,78.3945239576851,45.55,49.7008973080758,4.02,27.1234282781627,11.24,39.8928215353938,41.3,90.8883826879271,45.3,99.1203139802409,70.1,97.3366834170854,4.4,36.4393545028631,29.2,89.2141951837769,60.7527508307947,6.30203488824529,66.5784165405951
6037221900,4248,Los Angeles,90007,Los Angeles,-118.2895621,34.0267694,40.8114172498658,76.3237518910741,75-80%,0.04588368,44.9782202862477,12.05189368,81.2694461729932,0.665517118,94.7977598008712,787.9403354,92.5315349069564,60.75347708,66.8431001890359,0,0,2391.424642,81.9829957489372,1075.691946,62.6625,0.25,4.12467338559164,0,0,0.4,61.5751158173395,0,0,0,0,48.1354490389489,5.87732876654293,65.4387056627256,48.36,54.0628115653041,1.65,0.975109058249936,15.22,67.809072781655,28.2,77.8663629460896,26.6,93.5985925023684,85.4,99.7989949748744,15.8,97.4232170744404,34.8,95.9695817490494,66.9401738255504,6.94387176061809,75.7942511346445
6037219500,2084,Los Angeles,90016,Los Angeles,-118.3405648,34.0209191,40.7510398276438,76.2733232476046,75-80%,0.04490202,39.9875544492844,11.91626655,73.9016801493466,0.106011894,39.3154947106409,787.9403354,92.5315349069564,68.21294318,76.7359798361689,0,0,2291.115987,81.4078519629907,505.076388,21.2125,3.4,32.4374766703994,18,65.3162875643367,0.42,63.0708140304434,0,0,0.5,22.0847651775487,47.6183392307975,5.81418976168084,63.9079029247044,89.62,89.4690927218345,9.52,99.2686682063126,14.9,65.7153539381854,8.4,35.876993166287,10.8,64.8125592096359,21.9,38.1281407035176,9.7,84.9817803227486,12.9,27.7820025348542,67.5670000714264,7.00889401584701,76.6767523953606
6037212701,2276,Los Angeles,90019,Los Angeles,-118.3193139,34.0543037,40.601596815894,76.0590015128593,75-80%,0.04676708,48.4505289359054,12.06166379,81.8668326073429,0.10177341,37.8593652769135,787.9403354,92.5315349069564,69.56432333,78.6263390044108,0,0,1819.320292,77.231807951988,1275.539339,71.525,2.5,28.4434490481523,10.8,49.0453262493774,0.395,60.2250165453342,0,0,0,0,49.8552035131507,6.08731044624927,69.9564405724953,42.74,45.8250249252243,10.09,99.576597382602,8.74,18.8808574277168,21,66.4641862819539,32.8,96.7925294356476,43.7,74.28391959799,4.7,40.6038521603332,30.3,91.0392902408112,64.2987910609308,6.66987451591383,71.8986384266263
6037211120,5635,Los Angeles,90020,Los Angeles,-118.2877775,34.0652365,40.5990849658628,76.0463943519919,75-80%,0.04756207,51.8979464841319,12.12928682,86.2227753578096,0.55707143,91.6739265712508,787.9403354,92.5315349069564,42.74799307,40.9199747952111,0,0,1790.62795,76.894223555889,956.4438281,55.425,12.85,70.6233669279582,2.5,16.7524489457081,0.695,78.0542686962277,0,0,0.1,2.52004581901489,52.4937904985313,6.40948139306344,76.7890479153703,35.92,34.932701894317,5.2,57.557095201437,10.66,35.3190428713858,15.5,56.4793723108074,34,97.2932737853566,45.1,76.2437185929648,9.1,82.3269130661114,27.2,85.2724968314322,61.0630507865239,6.33422307923392,67.2213817448311
6037213401,4859,Los Angeles,90006,Los Angeles,-118.2879026,34.0537069,40.5521622198959,75.9329299041856,75-80%,0.04676708,48.4505289359054,12.17561826,87.778469197262,0.4063,85.2271313005601,787.9403354,92.5315349069564,64.41909911,72.0856962822936,0,0,1908.877319,78.2945736434108,1299.531172,72.25,4.05,37.5886524822695,0.75,4.41640378548896,0.03,4.11647915287889,0,0,0,0,47.7929302169082,5.83550728640606,64.3932794026136,54.24,61.9267198404786,3.5,16.2176032845779,14.33,62.3629112662014,38.8,89.053404201468,43.1,98.9443767762891,59,90.9422110552764,6.2,59.3831337844872,37,97.4144486692015,66.9916298472152,6.94920942252323,75.8698940998487
6037222100,4331,Los Angeles,90018,Los Angeles,-118.3023777,34.027317,40.4418254366083,75.7186081694402,75-80%,0.04588368,44.9782202862477,12.03443249,80.2986932171749,0.113207669,41.30678282514,787.9403354,92.5315349069564,85.41497041,93.5979836168872,0,0,2311.075989,81.5078769692423,1129.428904,65.5,0.25,4.12467338559164,0,0,0.08,10.5493050959629,0,0,0,0,42.6216895505743,5.20409982820684,50.4044803982576,54.58,62.4875373878365,6.61,85.1680780087247,13.54,57.6146560319043,31.5,81.8400404960769,19,85.0994721883881,42.7,73.0025125628141,8.1,76.0541384695471,30.3,91.0392902408112,74.915257300508,7.77114712854062,86.5859808371155
6037212303,3837,Los Angeles,90005,Los Angeles,-118.2935144,34.0597633,39.7764595935544,74.6469994957136,70-75%,0.04716458,50.5413814561294,12.12928682,86.2227753578096,0.647479527,94.3372744243933,787.9403354,92.5315349069564,74.91187923,84.6124763705104,0,0,1828.603638,77.344336084021,1029.814042,59.875,8.35,53.7513997760358,2.75,17.217333554707,0.31,51.7273328921244,0,0,0.25,11.5922107674685,54.4079500160074,6.64319988993902,81.1325451151213,34.81,33.0757726819541,3.31,13.1383115216833,11.03,38.110667996012,36.2,86.4717792963807,39.4,98.4571660576533,62.1,93.0402010050251,7.2,69.1306611140031,29.4,89.5690747782002,57.7210135917345,5.98754519697578,62.0398386283409
6037221210,3165,Los Angeles,90006,Los Angeles,-118.3028633,34.0436623,39.7189975175378,74.5713565305093,70-75%,0.04632538,46.994399502178,12.05908901,81.7174859987554,0.16222,54.2252644679527,787.9403354,92.5315349069564,87.51224857,95.1102709514808,0,0,2028.92865,79.5823955988997,1263.356021,71.1625,5.1,42.7584919746174,0.75,4.41640378548896,0.08,10.5493050959629,0,0,0,0,47.2919343425899,5.77433578966427,63.0367143746111,41.85,44.5039880358923,6.48,83.3076725686425,10.1,30.7452642073779,40.5,90.3568716780562,37.3,98.2000270672621,50.7,82.7261306532663,5.3,48.2561166059344,24.7,79.3029150823828,66.310360244009,6.87853962158427,74.8361069087241
6037235100,4401,Los Angeles,90043,Los Angeles,-118.3463239,33.9852423,39.5856615578022,74.2687846696924,70-75%,0.0438112,35.1586807716241,11.91305485,73.6527691350342,0.057911866,21.1076540136901,825.3338997,95.5913575621331,64.93696522,72.7662255828607,0,0,3046.286703,85.0212553138285,746.4054224,40.0375,2.25,27.491601343785,10,47.4348331396314,0.16,28.2991396426208,0,0,1.2,37.5715922107675,44.6644312873846,5.45351818852291,55.8307405102676,132.05,97.432701894317,7.38,93.0587631511419,15.53,69.4915254237288,10.9,44.9379903821817,1.7,13.3035593449723,18.4,30.464824120603,13.2,94.6642373763665,26.2,83.0798479087453,69.9755443248182,7.25873833906181,80.1059001512859
6037212202,3424,Los Angeles,90005,Los Angeles,-118.2879321,34.0563658,39.3997860496558,73.9536056480081,70-75%,0.04716458,50.5413814561294,12.17561826,87.778469197262,0.487750037,89.4088363410081,787.9403354,92.5315349069564,77.72575924,87.2211720226843,0,0,1904.104981,78.1945486371593,999.2646649,57.7375,3.6,34.2478536767451,7.3,38.0873318944048,0.11,19.2455327597617,0,0,0,0,51.3898347688274,6.2746886177446,73.9016801493466,29.98,24.9002991026919,5.14,56.1200923787529,8.27,15.2043868394816,43,92.2171602126044,31.2,96.1158478819867,56,88.178391959799,10.4,87.6887038001041,25.2,80.7477820025348,60.5322516391906,6.27916195526175,66.2884518406455
6037211703,4841,Los Angeles,90020,Los Angeles,-118.311582,34.0671467,39.1652543728467,73.714069591528,70-75%,0.04756207,51.8979464841319,12.02897507,79.9626633478532,0.209651873,63.7834474175482,787.9403354,92.5315349069564,51.18509983,53.0812854442344,0,0,1685.01001,75.6439109777444,1308.008361,72.4875,0.5,7.70810003732736,3.5,23.4434667109414,0.2,35.6187954996691,0,0,0.1,2.52004581901489,45.4017179193359,5.54354073983741,57.7473553204729,52.8,60.0324027916251,7.23,91.8655375930203,15.82,70.6630109670987,19.6,64.0976967856239,29.7,95.5339017458384,34.4,60.7914572864322,2.7,13.1832378969287,23.8,76.5399239543726,68.1081136588769,7.06502508250627,77.4962178517398
6037234501,2845,Los Angeles,90043,Los Angeles,-118.3244351,33.9974948,39.1408476099471,73.6762481089259,70-75%,0.04435661,37.5731176104543,11.92925429,74.57373988799,0.054997737,20,736.9720449,84.5010615711253,80.13581981,89.3635790800252,0,0,2957.133301,84.671167791948,605.8828575,28.875,1,17.077267637178,0,0,0.355,56.6909331568498,0,0,1.5,42.3138602520046,42.7019428981974,5.21389874601094,50.7031736154325,129.72,97.2333000997009,8.47,97.9599692070824,15.33,68.469591226321,25.5,74.1710959250823,0.8,4.58790093382054,30.4,54.5477386934673,5.5,51.2623633524206,47.6,99.6831432192649,72.3690343012563,7.50702104445221,83.2450832072617
6037269700,3546,Los Angeles,90034,Los Angeles,-118.387153,34.036336,39.1063396951074,73.6510337871911,70-75%,0.04632538,46.994399502178,11.74486853,67.8158058494088,0.514684267,90.4542626011201,748.9681113,85.3877856875234,57.39182726,62.0541902961563,0,0,1886.735331,77.9944986246562,2724.534595,94.275,6.4,46.9578200821202,11.55,50.9380707288727,1.57,90.7610853739246,7,66.7366652666947,0,0,60.774237976861,7.42052238542764,91.9103920348475,34.49,32.5024925224327,6.44,82.7559661277906,11.8,44.5289132602193,9.6,40.4581118704126,4.5,34.6460955474354,21.9,38.1281407035176,8,75.3774076002082,17.8,53.1178707224335,50.8039912961412,5.27002516317504,51.5632879475542
6037235201,2682,Los Angeles,90043,Los Angeles,-118.3221148,33.9745535,39.0541699103889,73.5753908219869,70-75%,0.0438112,35.1586807716241,11.93780554,74.9844430616055,0.085019266,31.6490354698195,787.9403354,92.5315349069564,78.60485323,88.0655324511657,0,0,3876.713379,88.7221805451363,931.2289334,53.8625,0,0,0,0,0.28,46.8034414295169,0,0,1.5,42.3138602520046,44.6889790459604,5.45651546496912,55.9054138145613,123.34,96.2487537387836,6.31,80.5106492173467,14.56,63.8334995014955,21.5,67.299417868894,4,31.3032886723508,39.9,69.0829145728643,4.3,35.0208224882874,27.7,86.2864385297845,68.9981052894891,7.15734614171205,78.8703983862834
6037211910,4371,Los Angeles,90020,Los Angeles,-118.2985036,34.0672078,38.7401581768303,73.1467473524962,70-75%,0.04756207,51.8979464841319,12.08514397,83.4225264467953,0.336617577,79.9875544492844,787.9403354,92.5315349069564,69.79431676,78.9161940768746,0,0,1725.473999,76.0690172543136,1122.389403,65.175,2.8,29.5259425158641,6.3,35.6632907189108,0.24,41.0721376571807,0,0,0.5,22.0847651775487,52.5563902061633,6.41712480493117,76.9632856253889,36.18,35.2193419740778,4.46,37.5801898896587,10.44,33.5493519441675,28.9,78.7522146292078,26.1,93.260251725538,46.1,77.5753768844221,7.8,74.102030192608,25.3,81.0392902408112,58.1977303352427,6.03699621784835,62.6701966717095
6037701100,1101,Los Angeles,90049,Unincorporated Los Angeles County area,-118.4570058,34.0575852,38.7179424344638,73.1341401916288,70-75%,0.04943242,59.8506533914126,11.65549655,64.6172993154947,0.562747802,91.8108276291226,440.6380342,52.7163731734732,NA,NA,0.004307128,9.41379310344828,1471.183329,72.7556889222306,4040.448172,98.7875,16.1,76.8010451661067,17.5,64.2204881288394,1.235,88.2329583057578,0,0,6.3,80.5498281786942,63.5062056553105,7.75409509631737,94.6608587429994,13.61,2.6296111665005,NA,NA,7.6,10.8175473579262,22.4,68.969881042774,NA,NA,83.9,99.6859296482412,41.1,99.9869859448204,NA,NA,48.1355890704126,4.99322512214894,47.5668179525971
6037234300,3805,Los Angeles,90008,Los Angeles,-118.329022,34.0073786,38.3266444490152,72.6802824004034,70-75%,0.04490202,39.9875544492844,11.92169725,74.2003733665215,0.075039555,27.940261356565,737.4891569,84.5260397152492,72.43328117,81.9029615626969,0.425985443,36.4827586206897,2660.533386,83.3958489622406,1035.541489,60.3375,0,0,0,0,0.24,41.0721376571807,0,0,0,0,43.469250679916,5.30758687374894,52.7193528313628,122.21,96.086739780658,6.59,84.8473184500898,16.18,72.308075772682,9.3,39.2052644900025,0.8,4.58790093382054,23.6,41.9095477386935,11.4,90.864133263925,37.2,97.4904942965779,69.6127564062069,7.22110544032296,79.601613716591
6037217100,6219,Los Angeles,90019,Los Angeles,-118.3545296,34.0489658,38.2602942856213,72.5416036308623,70-75%,0.04716458,50.5413814561294,11.9334593,74.77286869944,0.096049452,35.9178593652769,787.9403354,92.5315349069564,75.27545587,84.9779458097039,0,0,1864.145691,77.7694423605901,931.2166683,53.85,4.5,40.836132885405,28,77.9345840943052,0.275,46.3534083388484,7,66.7366652666947,10,91.0423825887743,60.7236309281099,7.41434327482717,91.8357187305538,68.9,77.691924227318,4.21,31.4857582755966,12.59,51.2587238285145,19.4,63.7560111364212,NA,NA,32.2,57.2989949748744,1.7,4.22956793336804,19,58.7705956907478,49.7462972721646,5.1603079150005,49.899142713061
6037269601,3393,Los Angeles,90034,Los Angeles,-118.3794518,34.0418546,38.1035683929756,72.3146747352496,70-75%,0.04676708,48.4505289359054,11.70222472,66.3596764156814,0.42051684,86.110765401369,787.9403354,92.5315349069564,70.34608041,79.6093257718966,0,0,1861.812317,77.7444361090273,2260.538979,90.325,1.2,18.7010078387458,9.8,45.1602191598871,0.935,84.1958967571145,7,66.7366652666947,0,0,59.4138582298991,7.25442028853493,90.0560049782203,22.8,12.9112662013958,6.92,89.0171927123428,7.88,12.7367896311067,23.1,70.083523158694,8.9,57.4096630125863,35.1,61.9095477386935,5.3,48.2561166059344,24.1,77.5792141951838,50.6346812285834,5.25246220613871,51.4120020171457
6037212102,2291,Los Angeles,90010,Los Angeles,-118.2984976,34.0635726,38.0342561258973,72.226424609178,70-75%,0.04756207,51.8979464841319,12.10099038,84.6048537647791,0.65627,94.6235220908525,787.9403354,92.5315349069564,43.82611389,42.7095148078135,0,0,1802.21167,77.006751687922,1134.447959,65.7875,7.25,50.9891750653229,0.6,3.30400132824174,0.255,43.6532097948379,0,0,1,35.7159221076747,51.3409558649431,6.26872051328911,73.7149968886123,28.1,21.9840478564307,6.63,85.4631768026687,8.51,17.2357926221336,19.8,64.5153125790939,33.9,97.2391392610637,68,96.5829145728643,3.5,23.750650702759,33.5,95.0063371356147,58.4899383053451,6.0673076818895,63.1996974281392
6037197600,2166,Los Angeles,90026,Los Angeles,-118.2519864,34.0683315,37.9084141197829,71.9490670700958,70-75%,0.04863521,56.9632856253889,12.53587816,91.275668948351,0.624788056,93.6527691350342,787.9403354,92.5315349069564,67.70676882,76.1688720856963,0,0,1848.020671,77.6194048512128,3417.885186,97.5,2.5,28.4434490481523,14.8,57.2804250373568,0.65,76.651224354732,14,93.3641327173457,0.7,24.8339060710195,67.514170444627,8.2434668009935,97.2495332918482,26.46,19.0927218344965,5.23,58.1986143187067,7.56,10.6306081754736,19,63.009364717793,9.8,61.0908106645013,25.2,44.8743718592965,5.5,51.2623633524206,23.8,76.5399239543726,44.3313408429512,4.5986009327064,41.6540595057993
6037208501,2267,Los Angeles,90026,Los Angeles,-118.2719463,34.0695316,37.4243067506664,71.2808875441251,70-75%,0.0482775,55.3827006845053,12.21911535,88.724331051649,0.684807252,95.0342252644679,787.9403354,92.5315349069564,57.81253939,62.7347195967234,0,0,1795.191589,76.9317329332333,1023.810856,59.4875,0.6,8.04404628592759,12,52.0338701643699,0.68,77.6174718729318,7,66.7366652666947,0,0,57.8643656091229,7.06522754731285,87.5544492843808,41.95,44.6660019940179,2.1,2.34795996920708,10.67,35.4062811565304,24.6,72.5132877752468,23.5,90.770063608066,38.6,67.0100502512563,6.7,64.5106715252473,24.4,78.4664131812421,51.0637558207317,5.29697118741776,52.0423600605144
6037213100,3014,Los Angeles,90019,Los Angeles,-118.3126928,34.0506364,37.2199335246845,70.8144225920323,70-75%,0.04676708,48.4505289359054,12.08158891,83.1611698817673,0.133202692,46.7454884878656,787.9403354,92.5315349069564,73.44852077,82.9615626969124,0,0,1903.839986,78.1820455113778,1342.882333,73.625,0.35,4.29264650989175,8.35,41.5573634401461,0.17,29.2389146260754,0,0,0.1,2.52004581901489,47.312042228074,5.77679095848786,63.1113876789048,49.52,55.869890329013,5.77,70.3618167821401,9.67,26.7572283150548,23.1,70.083523158694,37.3,98.2000270672621,50.1,81.9095477386935,3.5,23.750650702759,31.1,92.1926489226869,62.1117956633775,6.44301200998058,68.8981341401916
6037212306,3413,Los Angeles,90005,Los Angeles,-118.2940727,34.056128,36.5122152003554,69.8814926878467,65-70%,0.04676708,48.4505289359054,12.10099038,84.6048537647791,0.397561407,84.704418170504,787.9403354,92.5315349069564,69.55541698,78.588531821046,0,0,1897.026327,78.1445361340335,1021.965804,59.275,5.5,44.0089585666293,3.5,23.4434667109414,0.11,19.2455327597617,0,0,0.25,11.5922107674685,50.4109615647554,6.15516839396035,71.437461107654,29.06,23.4920239282154,4.98,51.8219142930459,8.04,14.0079760717846,28,77.5879524171096,54,99.6751928542428,55.6,87.7638190954774,7.5,71.6684018740239,27.7,86.2864385297845,57.1851661925715,5.93196040520716,61.2203731719617
6037271200,2770,Los Angeles,90064,Los Angeles,-118.4420039,34.0313917,35.9843084126208,69.1250630358043,65-70%,0.04716458,50.5413814561294,11.77486462,68.8363410080896,0.61634669,93.3416303671438,440.6380342,52.7163731734732,47.61673192,48.2671707624449,0,0,1682.829712,75.631407851963,5043.978788,99.675,5.15,42.8331466965286,18,65.3162875643367,1.11,86.6048974189279,0,0,4,70.4238258877434,58.4293192227728,7.13420827132314,88.6247666459241,31.87,28.4521435692921,6.06,76.4434180138568,12.85,53.0284147557328,13.9,52.8726904581119,6.1,43.8760319393693,31.2,55.6909547738694,2.2,7.7693909422176,20,62.8263624841572,48.6242057829195,5.04391055658753,48.2728189611699
6037275200,3751,Los Angeles,90066,Los Angeles,-118.4198974,33.9953352,35.7354649404532,68.7594553706505,65-70%,0.04490202,39.9875544492844,11.66867744,65.164903546982,0.13242083,46.4965774735532,440.6380342,52.7163731734732,54.67001645,58.109640831758,0,0,2133.729268,80.4701175293823,927.5001648,53.5375,0,0,13,54.5243234268637,0.31,51.7273328921244,8,72.1545569088618,0,0,44.9339697988928,5.48642878723981,56.4654635967642,35.21,33.8235294117647,6.03,75.7634077495509,12.29,48.629112662014,22.4,68.969881042774,10.7,64.4065502774394,33.5,59.3718592964824,10,86.1920874544508,27.2,85.2724968314322,62.7906291274795,6.51342910411338,69.8688855269793
6037275102,4338,Los Angeles,90230,Los Angeles,-118.4112469,33.9979789,35.6968527584343,68.7216338880484,65-70%,0.04490202,39.9875544492844,11.7957642,69.5706285003111,0.425471002,86.3472308649658,402.5329966,43.7367303609342,63.07166606,70.1701323251418,0,0,2189.309001,80.8202050512628,4328.559463,99.1875,0,0,13.05,54.6073385356135,0.1,16.6379880873594,8,72.1545569088618,0,0,50.3783240314473,6.1511833576262,71.3627878033603,42.6,45.4760717846461,5.03,53.1562740569669,12.59,51.2587238285145,28.1,77.7271576815996,6,43.294085803221,43.3,73.7562814070352,3.4,22.5663716814159,31.2,92.2813688212928,55.9443714844777,5.80324966482709,59.4553706505295
6037236000,4181,Los Angeles,90008,Los Angeles,-118.3623219,34.0122748,35.4393306029484,68.3308119011599,65-70%,0.04486563,37.7846919726198,11.7210889,66.9321717485999,0.064566754,23.8705662725576,715.4482768,78.5312851255152,60.22985723,66.112161310649,0.027837826,17.4137931034483,2320.519389,81.5578894723681,1800.442793,83.8125,2.5,28.4434490481523,27.05,77.0048148763075,0.525,70.9331568497684,7,66.7366652666947,0.7,24.8339060710195,55.8647210579426,6.82107134480183,84.0821406347231,67.94,77.1186440677966,8.57,98.1524249422633,9.9,29.0503489531406,8.2,35.2189319159706,0,0,16.7,26.2060301507538,5.1,45.7834461218116,17.8,53.1178707224335,50.0861975516304,5.1955666216504,50.4538577912254
6037702400,4367,Los Angeles,90232,Culver City,-118.3843439,34.0251002,35.4349883703834,68.3055975794251,65-70%,0.04588368,44.9782202862477,11.75041597,68.03982576229,0.538397853,91.1636589919104,509.9308857,61.4837017609592,59.12257112,64.6376811594203,0.028653702,17.6896551724138,2014.843954,79.394848712178,1193.216122,68.5125,29.7,88.615154908548,60,92.4788311472688,1.61,91.0390469887492,7,66.7366652666947,11.75,93.3562428407789,70.1400703972542,8.56408866362849,98.4940883634101,42.3,45.0648055832502,4.46,37.5801898896587,12.97,53.6141575274178,4.6,19.2862566438876,5.8,42.1166598998511,17.3,27.8517587939699,3.5,23.750650702759,19,58.7705956907478,39.8874510065093,4.13762511834739,35.1739788199697
6037212305,3025,Los Angeles,90005,Los Angeles,-118.2981624,34.0561038,35.3907754018829,68.1417044881493,65-70%,0.04676708,48.4505289359054,12.10099038,84.6048537647791,0.280901375,74.2626011200996,787.9403354,92.5315349069564,86.68166414,94.4801512287335,0,0,1895.454325,78.1195298824706,967.9892987,56.0625,5.65,44.214259051885,3.3,22.6631246886933,0.065,8.94771674387823,0,0,0.5,22.0847651775487,50.5699660307124,6.17458280767075,71.8108276291226,27,19.9526420737787,4.32,34.1801385681293,7.52,10.4810568295115,40.2,90.1543912933435,43.8,99.0255785627284,65.4,95.2386934673367,9.3,83.2248828735034,24,77.2116603295311,55.2544935645475,5.73168690165051,58.1316187594554
6037270300,2542,Los Angeles,90034,Los Angeles,-118.3718243,34.0405392,34.8909771007983,67.3978819969743,65-70%,0.04632538,46.994399502178,11.73778552,67.5046670815183,0.598840431,92.9433727442439,787.9403354,92.5315349069564,71.61864137,80.9577819785759,0,0,1921.086345,78.4446111527882,2060.497256,88,5.25,43.1877566256066,18,65.3162875643367,1.41,89.7683653209795,7,66.7366652666947,6.5,81.1912943871707,68.6947218915076,8.38761189816545,97.7971375233354,33.72,31.4805583250249,6.08,76.8154991018732,7.35,9.40927218344965,12.7,49.9746899519109,6.2,44.3632426580051,18,29.4597989949749,4.3,35.0208224882874,16.4,46.020278833967,40.1014382277725,4.15982254835011,35.5143721633888
6037234000,5417,Los Angeles,90008,Los Angeles,-118.3214867,34.0120868,34.7159538321747,67.1079172970247,65-70%,0.04490202,39.9875544492844,11.96275337,76.4156813939017,0.075378496,28.201617921593,787.9403354,92.5315349069564,83.24837095,92.1739130434783,0.004543194,9.82758620689655,2579.794006,82.9457364341085,720.5460389,37.875,0.5,7.70810003732736,4.05,26.2991864519343,0.2,35.6187954996691,0,0,0,0,42.9716241622803,5.24682677478885,51.4001244555072,78.95,84.5089730807577,10.88,99.8716961765461,11.21,39.6435692921236,17.3,60.3138445963047,9.4,59.3720395182027,34.2,60.4522613065327,2.7,13.1832378969287,22.2,71.1533586818758,63.7848472915557,6.61656184248083,71.1043872919818
6037211802,4682,Los Angeles,90010,Los Angeles,-118.3047254,34.0635374,34.6113559658453,66.9566313666162,65-70%,0.04716458,50.5413814561294,12.08514397,83.4225264467953,0.465482385,88.3509645301805,787.9403354,92.5315349069564,54.67824047,58.1474480151229,0,0,1760.570048,76.4816204051013,1130.542609,65.5875,3.85,34.6771183277342,8.3,41.5407604183961,0.365,57.6174718729318,0,0,1,35.7159221076747,54.2253328284729,6.62090236761419,80.784069695084,22.94,13.110667996012,5.79,70.8108801642289,7.06,7.8888334995015,20.5,65.654264743103,34.7,97.5910136689674,50.3,82.2110552763819,2.2,7.7693909422176,37.9,97.7059569074778,50.3948984304385,5.22758893638803,50.9329299041856
6037207501,2193,Los Angeles,90012,Los Angeles,-118.2529675,34.0564422,34.5573910086217,66.8305597579425,65-70%,0.04756207,51.8979464841319,12.54205752,91.3254511512134,1.174068018,98.8674548848787,787.9403354,92.5315349069564,11.90283401,5.15437933207309,0.178464423,30.4137931034483,2014.351013,79.3823455863966,2302.009188,90.675,11.15,63.8297872340426,10.75,48.9623111406276,0.545,71.9920582395764,7,66.7366652666947,9.5,89.8281786941581,67.7772588257648,8.27558984007335,97.3739887990044,30.75,26.3334995014955,5.21,57.7238901719271,10.73,35.9047856430708,1,1.7717033662364,6.5,46.0008120178644,24.9,44.2211055276382,7.6,72.5273295158771,14.9,38.0988593155894,40.2556768604028,4.17582210772247,35.791729702471
6037236400,4282,Los Angeles,90008,Los Angeles,-118.3512616,34.0067001,34.5415494878227,66.780131114473,65-70%,0.04435661,37.5731176104543,11.88815827,72.6820161792159,0.080927497,30.1929060360921,787.9403354,92.5315349069564,69.21047691,78.0970384373031,0.065417728,22.6551724137931,2482.767293,82.4456114028507,1180.704377,67.9375,1,17.077267637178,0.75,4.41640378548896,0.07,9.55658504301787,0,0,0,0,42.4129251799345,5.17860974001844,49.769757311761,132.42,97.4576271186441,7.53,94.0338722093918,17.65,79.3494516450648,3.6,14.1736269298912,0.4,0.920286912978752,21.8,37.8894472361809,7.4,70.9005726184279,21.2,67.7186311787072,64.3004149831354,6.67004296942826,71.9112455874937
6037216900,4886,Los Angeles,90019,Los Angeles,-118.3631083,34.0499363,34.4280203951257,66.5658093797277,65-70%,0.04716458,50.5413814561294,11.73440042,67.3677660236466,0.240004396,68.6869943995022,787.9403354,92.5315349069564,65.68760348,73.7870195337114,0,0,1832.416707,77.4318579644911,1179.175728,67.8875,2.25,27.491601343785,13.25,54.789971774863,0.55,72.5876902713435,7,66.7366652666947,5.5,77.6174112256587,61.4677271825261,7.50519727969203,92.6571250777847,60.96,70.2642073778664,4.69,43.5463176802669,11.44,41.6126620139581,8.1,34.7760060744115,0.6,2.81499526322912,15.8,23.9070351758794,6.5,62.402394586153,19.1,59.277566539924,44.2216642759749,4.58722390792883,41.4523449319213
6037212410,4318,Los Angeles,90005,Los Angeles,-118.3022262,34.0595607,34.2936118603475,66.3767019667171,65-70%,0.04676708,48.4505289359054,12.10099038,84.6048537647791,0.65627,94.6235220908525,787.9403354,92.5315349069564,58.62247898,63.8689350976686,0,0,1807.482646,77.0567641910478,983.7420825,56.875,4.1,37.7939529675252,2.25,14.9261165532127,0.155,27.0814030443415,0,0,1,35.7159221076747,50.8687545604511,6.21106482780367,72.482887367766,34.81,33.0757726819541,2.24,3.02797023351296,11.03,38.110667996012,28.2,77.8663629460896,37.3,98.2000270672621,51.3,83.3417085427136,6.6,63.4174908901614,27.4,85.7541191381495,53.2270393436841,5.52137400125548,54.9672213817448
6037234200,2424,Los Angeles,90018,Los Angeles,-118.3311523,34.0164074,34.2401657342012,66.3010590015129,65-70%,0.04490202,39.9875544492844,11.93784179,74.9968886123211,0.07613126,28.5252022401991,787.9403354,92.5315349069564,64.73315805,72.5267800882168,0.380536909,35.551724137931,2455.022624,82.3830957739435,885.5203515,50.4,2,25.625233296006,18,65.3162875643367,0.475,67.5579086697551,0,0,0,0,50.3085269860775,6.14266115225029,71.1138767890479,70.35,78.7013958125623,5.88,72.8509109571465,11.23,39.8055832502493,5.3,22.7663882561377,4.1,32.0341047503045,19.7,33.5427135678392,4.6,39.2113482561166,30.2,90.8745247148289,53.7358896245157,5.57415831437449,55.6606152294503
6037601301,1921,Los Angeles,90302,Inglewood,-118.363824,33.9791778,34.1928885770492,66.2632375189107,65-70%,0.0438112,35.1586807716241,11.87102583,71.9850653391413,0.162084877,54.1879278158058,441.6535828,52.9161983264643,74.1648489,83.7303087586642,0,0,2916.753296,84.4711177794449,899.6317449,51.4875,1,17.077267637178,1,6.97326913498257,0.13,22.3692918596956,0,0,0.4,14.4329896907216,40.2182544541006,4.91064088032013,43.4474175482265,85.79,87.9860418743769,10.71,99.8332050295099,16.44,73.7786640079761,6,25.8921791951405,3.1,24.766544863987,20,34.2085427135678,10.9,89.4586153045289,19.5,60.9252217997465,67.1247622063409,6.96301957532275,76.1346444780635
6037222500,5120,Los Angeles,90018,Los Angeles,-118.3045508,34.0218497,34.1357993882822,66.1119515885023,65-70%,0.04539285,42.5637834474175,12.03443249,80.2986932171749,0.107501313,39.6888612321095,787.9403354,92.5315349069564,83.62066433,92.3755513547574,0,0,2417.380025,82.1705426356589,1088.668415,63.325,0.5,7.70810003732736,0,0,0.02,2.51489080079418,0,0,0.5,22.0847651775487,43.2333476338842,5.27878315868573,52.2713130056005,48.34,53.963110667996,5.67,68.4115986656402,10.76,36.1665004985045,38,88.3067577828398,15.3,78.0484503992421,39.6,68.6306532663316,3.8,28.2014575741801,34.8,95.9695817490494,62.3392250491878,6.46660382935317,69.2259203227433
6037207710,4667,Los Angeles,90017,Los Angeles,-118.2616851,34.0468661,34.083407193619,65.9984871406959,65-70%,0.04716458,50.5413814561294,12.33660886,90.0062227753578,1.899726436,99.7013067828251,787.9403354,92.5315349069564,37.13602678,33.3081285444234,0.023187176,16.5862068965517,2119.825989,80.3450862715679,1840.040757,84.5625,14.65,74.3001119820829,5.9,32.9902042171675,2.405,94.2819324950364,7,66.7366652666947,27.7,99.5418098510882,70.1552455569556,8.56594154761379,98.5065339141257,53.58,60.9172482552343,3.6,18.1678214010778,8.32,15.6655034895314,7.8,33.4851936218679,14.2,75.1928542427933,26.1,46.608040201005,4.1,32.274856845393,14.9,38.0988593155894,38.3577426136388,3.97894463838754,32.9551185073122
6037267300,4235,Los Angeles,90025,Los Angeles,-118.4496946,34.045202,33.9977699886135,65.7967725668179,65-70%,0.0482775,55.3827006845053,11.61811053,63.6465463596764,0.619049454,93.4163036714375,440.6380342,52.7163731734732,34.27275726,29.653434152489,0.000912651,4.58620689655172,1567.605652,74.2685671417854,5485.820467,99.825,8.15,53.5460992907801,5.5,32.3758924124191,0.225,39.7749834546658,0,0,11.7,93.3333333333333,54.0599482394064,6.60070894213941,80.4480398257623,23.45,13.6714855433699,7.47,93.64896073903,10.5,34.1849451645065,9.1,38.4712730954189,7.9,52.8894302341318,31.1,55.5025125628141,5.4,49.8568453930245,20.3,63.9670468948035,49.652942725837,5.15062401427357,49.7478567826525
6037222700,4071,Los Angeles,90007,Los Angeles,-118.2856809,34.0209197,33.7836937412946,65.5068078668684,65-70%,0.04588368,44.9782202862477,12.00727367,78.593652769135,0.947411526,97.8469197261979,787.9403354,92.5315349069564,32.41396761,27.1959672337744,0,0,2522.716675,82.6706676669167,2177.071598,89.5125,0.75,9.79843225083987,0,0,0.735,79.5764394440768,0,0,0,0,48.7357799954301,5.95062905708595,67.156191661481,17.21,5.67048853439681,NA,NA,7.96,13.4970089730808,NA,NA,NA,NA,86.1,99.8115577889447,29.7,99.9089016137428,60,99.9112801013942,54.7304976275497,5.67733149171267,57.274331820474
6037702801,4679,Los Angeles,90232,Culver City,-118.4102008,34.0114522,33.3111316377712,64.5864851235502,60-65%,0.04539285,42.5637834474175,11.64969136,64.4057249533292,0.450548284,87.517112632234,231.9826643,9.04208817284876,57.21304733,61.7265280403277,0,0,2051.398987,79.869967491873,3041.06681,96.0875,0,0,11.3,50.2739498588743,0.21,37.6836532097948,8,72.1545569088618,2.5,59.1752577319588,51.3868865754685,6.27432864392107,73.8767890479154,41.08,43.2701894317049,6.31,80.5106492173467,12.58,51.0967098703888,9.8,41.2300683371298,3.4,27.2567329814589,30,54.0326633165829,4.1,32.274856845393,20.7,65.5513307984791,51.1808233144778,5.30911489152627,52.2818961169945
6037212610,4447,Los Angeles,90005,Los Angeles,-118.3138698,34.0598448,33.0681796596893,64.1452344931921,60-65%,0.04676708,48.4505289359054,12.09098712,83.8083385189795,0.17187131,56.7517112632234,787.9403354,92.5315349069564,61.44797598,67.7756773787019,0,0,1773.379354,76.5941485371343,1175.247802,67.675,1.1,17.4878686076894,5.5,32.3758924124191,0.425,63.6002647253475,0,0,0.25,11.5922107674685,49.4693273959367,6.04019504898376,69.0976975731176,39.18,40.0548354935194,3.32,13.2409545804465,12.09,46.647557328016,15.7,56.9729182485447,34.7,97.5910136689674,50,81.7587939698492,4,30.8823529411765,32.6,93.9923954372624,52.776971993577,5.47468738865525,54.4503277861825
6037703200,5688,Los Angeles,90043,View Park-Windsor Hills,-118.3401633,33.9985885,32.4154234349235,63.2123045890065,60-65%,0.04435661,37.5731176104543,11.90810602,73.5034225264468,0.051497203,18.6434349719975,657.5127881,72.2742600224803,73.36121185,82.8985507246377,0.089785513,25.0689655172414,2783.460042,83.858464616154,823.9253946,45.9125,2.25,27.491601343785,1,6.97326913498257,0.165,28.5109199205824,0,0,0.2,9.66781214203895,41.4872998352103,5.06559106928397,47.1188550093342,121.03,96.011964107677,7.29,92.4172440338722,14.36,62.5124626121635,4.8,20.2860035434067,1.2,8.48558668290702,18.6,30.929648241206,11.1,89.9271212909943,17,49.0240811153359,61.6888558796704,6.39913940773459,68.2425617750882
6037212420,3517,Los Angeles,90005,Los Angeles,-118.3019777,34.0560876,32.1718635581059,62.720625315179,60-65%,0.04676708,48.4505289359054,12.10099038,84.6048537647791,0.265079566,72.4953329184817,787.9403354,92.5315349069564,72.59264872,82.0163831127914,0,0,1877.13562,77.8944736184046,939.4414361,54.4,3.25,32.1948488241881,3.75,25.0871658641873,0.07,9.55658504301787,0,0,0.5,22.0847651775487,48.6276499320393,5.93742639782374,66.8077162414437,27.02,19.9900299102692,4.33,34.3854246856556,8.12,14.4441674975075,29.1,79.0685902303214,37.5,98.2270943294086,54.4,86.5075376884422,5.4,49.8568453930245,32.6,93.9923954372624,52.235183323418,5.41848629397713,53.7821482602118
6037207900,7162,Los Angeles,90015,Los Angeles,-118.2601678,34.0405276,31.5038458738115,61.4977307110439,60-65%,0.04676708,48.4505289359054,12.29595775,89.6204107031736,1.80351393,99.6141879278158,787.9403354,92.5315349069564,9.215587045,3.28922495274102,0,0,2235.02065,81.1202800700175,570.4321743,26.225,4.5,40.836132885405,17.5,64.2204881288394,2.5,94.6393117140966,0,0,2.5,59.1752577319588,53.9956766554041,6.59286139449895,80.2738021157436,56.18,64.2198404785643,4.48,38.1832178598922,9.57,25.9471585244267,3.8,15.236648949633,10.9,65.191500879686,34.4,60.7914572864322,5.1,45.7834461218116,19.2,59.7338403041825,46.0653921646551,4.77847841607866,44.4654563792234
6037208710,4858,Los Angeles,90057,Los Angeles,-118.2825413,34.0657276,31.3330536995476,61.2455874936964,60-65%,0.04756207,51.8979464841319,12.20870236,88.462974486621,0.3564711,81.7672682016179,787.9403354,92.5315349069564,42.58167535,40.6679269061122,0,0,1814.243042,77.1692923230808,937.2028127,54.3,5.1,42.7584919746174,2.5,16.7524489457081,0.3,50.1389808074123,0,0,0,0,47.8764067242259,5.84569975136866,64.5799626633479,49,55.1969092721834,3.9,24.3135745445214,13.03,54.0877367896311,9.8,41.2300683371298,24,91.392610637434,25.7,45.7412060301508,4.9,43.0895366996356,22.6,72.5982256020279,51.6715348316938,5.36001762529995,52.9752899646999
6037600911,3146,Los Angeles,90302,Inglewood,-118.3522115,33.9786571,31.2459058477347,61.1573373676248,60-65%,0.0438112,35.1586807716241,11.89394323,72.9682638456752,0.065531702,24.281269446173,443.831967,53.453228425128,71.11528046,80.3780718336484,0,0,3160.016642,85.4213553388347,660.494129,33.05,0.25,4.12467338559164,1.3,7.58758093973103,0.215,37.8821972203839,0,0,1.5,42.3138602520046,38.1864599249377,4.66255917188336,37.9589296826385,84.01,87.3005982053838,4.71,44.2134975622274,15.44,68.9182452642074,18.4,62.0349278663629,7.8,52.5104885640817,25.7,45.7412060301508,10.5,88.0791254554919,20.2,63.6121673003802,64.6031816936165,6.70144971803403,72.3398890569844
6037702600,6389,Los Angeles,90230,Culver City,-118.3961597,33.9958996,31.1412481229211,60.9051941502774,60-65%,0.04490202,39.9875544492844,11.68123003,65.6378344741755,0.333893376,79.7137523335408,302.6930604,24.428624953166,53.03137652,55.8160050409578,0,0,2330.079712,81.6079019754939,2668.985931,93.9125,12.5,70.1754385964912,70.25,94.3217665615142,0.72,78.9808074123097,8,72.1545569088618,0.25,11.5922107674685,58.5736664519945,7.15183303933952,88.8861232109521,48.78,54.7607178464606,4.64,42.1991275340005,14.01,60.2816550348953,8.9,37.6486965325234,5.5,40.4384896467722,8.1,6.28140703517588,3.7,26.8610098906819,16.5,46.4638783269962,41.9762648791077,4.35430300898034,38.124054462935
6037267600,2916,Los Angeles,90025,Los Angeles,-118.4524492,34.0340912,30.9599679148604,60.5521936459909,60-65%,0.04753555,50.9894212818917,11.78789933,69.3590541381456,0.581946944,92.4331051649036,440.6380342,52.7163731734732,49.81224429,51.304347826087,0,0,1625.187703,74.8812203050763,1979.941812,86.725,13.65,72.601717058604,36.75,84.1441142287896,1.145,87.0549305095963,0,0,7,83.2760595647194,61.6724982482454,7.53019978614282,92.9433727442439,25.99,18.2452642073779,5.14,56.1200923787529,11.19,39.456630109671,NA,NA,5.3,39.2069292191095,33.3,59.0829145728643,3.4,22.5663716814159,16.1,44.4613434727503,39.6350259842345,4.11144043904829,34.9344427634897
6037275500,5449,Los Angeles,90230,Los Angeles,-118.4148705,33.9918105,30.8921691083505,60.4513363590519,60-65%,0.04490202,39.9875544492844,11.66867744,65.164903546982,0.23381433,67.7286869943995,440.6380342,52.7163731734732,78.34111315,87.775677378702,0,0,2220.71464,81.0202550637659,812.2886671,45.1,0,0,14.3,56.4502739498589,0.32,52.6406353408339,8,72.1545569088618,0,0,48.7074852971876,5.94717428005069,67.0441817050404,44.64,48.3424725822532,3.24,11.9450859635617,12.9,53.2278165503489,28.3,77.992913186535,9.3,58.952496954933,53.8,85.8793969849246,5.6,52.5247267048412,14.6,36.2103929024081,50.0752218560582,5.19442808528006,50.4286434694907
6037267403,3000,Los Angeles,90025,Los Angeles,-118.456577,34.0475447,30.5646238494057,59.7831568330812,55-60%,0.04863521,56.9632856253889,11.65656905,64.6795270690728,0.597419432,92.9309271935283,440.6380342,52.7163731734732,29.18845273,22.9993698802773,0.005039368,10.3448275862069,1533.238017,73.6809202300575,1367.761873,74.4125,17.75,78.8727136991415,27.5,77.4696994853063,0.745,79.801455989411,0,0,8.8,88.0412371134021,59.0063179823178,7.2046597052547,89.5830740510268,19.89,9.18494516450648,6.25,79.7279958942777,9.02,21.2113659022931,5.5,23.6648949633004,10.7,64.4065502774394,28.7,51.7462311557789,2.1,7.14471629359709,24.4,78.4664131812421,40.8969317473153,4.24234108199634,36.5607665153807
6037270200,3226,Los Angeles,90034,Los Angeles,-118.3797742,34.0328855,30.5567517416444,59.7579425113464,55-60%,0.04632538,46.994399502178,11.74486853,67.8158058494088,0.869946928,97.3490976975731,753.2843081,85.6000999125765,57.89449783,62.8103339634531,0.001641123,6.20689655172414,1954.944743,78.7821955488872,2386.836899,91.4375,20.25,82.1948488241881,36.5,83.99468703304,1.6,90.9596293845136,7,66.7366652666947,2,52.8980526918671,69.8686196321703,8.53094457912983,98.3820784069695,29.52,24.1774675972084,3.8,22.0810880164229,9.78,27.8539381854437,21.8,67.7803087825867,5.3,39.2069292191095,26,46.3944723618091,1.9,5.57001561686622,20,62.8263624841572,34.5298911462987,3.58187202580107,26.6515380736258
6037211803,3701,Los Angeles,90020,Los Angeles,-118.3022323,34.067188,30.5206666840258,59.6822995461422,55-60%,0.04756207,51.8979464841319,12.08514397,83.4225264467953,0.348451727,80.9707529558183,787.9403354,92.5315349069564,50.90226785,52.7788279773157,0,0,1714.44102,75.968992248062,1102.203936,64.1,1.75,22.6203807390817,6.75,36.808899219658,0.125,21.9589675711449,0,0,0.5,22.0847651775487,48.7040825987522,5.94675881124761,67.0317361543248,45.85,50.2243270189432,3.08,10.0590197587888,13.57,57.7517447657029,7.4,31.7008352315869,32.1,96.5624577074029,29.5,53.0402010050251,4.1,32.274856845393,26.8,84.4613434727503,49.476484683455,5.13231957991964,49.4074634392335
6037216200,5778,Los Angeles,90019,Los Angeles,-118.3482415,34.0571243,30.2958494883863,59.2788703983863,55-60%,0.04716458,50.5413814561294,11.98031852,77.3739887990044,0.182503525,58.6309894212819,787.9403354,92.5315349069564,42.66194332,40.7939508506616,0,0,1779.460633,76.7191797949487,1250.936841,70.7375,1.85,23.1243001119821,25,74.8298190270629,0.855,82.5943084050298,0,0,8,86.5063001145475,56.7476922796567,6.92888195558912,85.8120721841942,49.26,55.6331006979063,4.73,44.7652040030793,11.24,39.8928215353938,8.1,34.7760060744115,3.5,28.0416835837055,28.2,50.8542713567839,3.5,23.750650702759,17.2,50.2661596958175,42.1507315140776,4.37240086965956,38.4014120020171
6037270100,4202,Los Angeles,90034,Los Angeles,-118.3959685,34.0273439,30.1246440662307,58.9762985375693,55-60%,0.04588368,44.9782202862477,11.74226684,67.678904791537,0.677990284,94.9595519601742,440.6380342,52.7163731734732,26.34166996,19.4959042218021,0,0,1946.929993,78.7071767941985,2033.178603,87.65,8,53.4341172079134,15,59.604848082351,0.96,84.7121111846459,7,66.7366652666947,0.45,14.7079037800687,55.7952206370643,6.81258535721741,83.9079029247044,34.5,32.5149551345962,6.5,83.615601744932,11.8,44.5289132602193,8.6,36.5603644646925,2.1,16.3621599675193,19,32.0477386934673,1.4,2.73295158771473,22.1,70.8111533586819,42.6280151638322,4.42191069713584,39.0695915279879
6037272301,3045,Los Angeles,90066,Los Angeles,-118.4222404,34.0050155,30.0006137623373,58.661119515885,55-60%,0.04539285,42.5637834474175,11.76013155,68.2638456751711,0.31342068,77.8220286247666,440.6380342,52.7163731734732,46.2463293,46.1625708884688,0,0,2024.686971,79.5198799699925,731.8543413,38.8375,0,0,9.25,44.1806408766396,0.275,46.3534083388484,5,51.2179756404872,0,0,43.2739668053392,5.28374275145222,52.3708774113255,35.21,33.8235294117647,6.21,79.1891198357711,12.29,48.629112662014,7,30.0303720577069,12.2,69.2245229395047,17.5,28.4170854271357,6.5,62.402394586153,28.5,87.8833967046895,54.7360708231106,5.67790961323612,57.2869389813414
6037214503,3422,Los Angeles,90036,Los Angeles,-118.3541156,34.0668419,29.9221519250976,58.5098335854766,55-60%,0.04791979,53.7274424393279,11.85554635,71.5494710640946,0.166102376,55.2209085252022,787.9403354,92.5315349069564,84.43023271,92.9804662885948,0,0,1679.649984,75.5688922230558,1032.33664,60.1,0.25,4.12467338559164,4.5,27.7602523659306,1.275,88.6432825943084,0,0,0,0,49.8417735103247,6.08567064557181,69.9315494710641,31.63,27.9785643070788,5.86,72.3248652809854,12.33,49.1650049850449,2.7,9.28878764869653,15.3,78.0484503992421,18.6,30.929648241206,3.3,21.1087975013014,27.3,85.5006337135615,47.3990375125856,4.91682078570423,46.3439233484619
6037703100,6068,Los Angeles,90043,View Park-Windsor Hills,-118.3546187,33.9930805,29.8966672583733,58.4594049420071,55-60%,0.04435661,37.5731176104543,11.87615491,72.2713130056005,0.096835365,36.241443683883,656.9986364,72.2367928062945,67.09524185,75.3623188405797,0,0,2733.506592,83.633408352088,958.5409781,55.575,0.7,9.59313176558417,10.75,48.9623111406276,0.1,16.6379880873594,0,0,0.2,9.66781214203895,41.731865733949,5.09545251694201,47.778469197262,130.09,97.2956131605184,4.9,49.6150885296382,15.36,68.6191425722832,3.9,15.7808149835485,0,0,16.5,25.71608040201,11.4,90.864133263925,23,74.04309252218,56.562052827573,5.86732329640382,60.3126575895108
6037211704,2796,Los Angeles,90020,Los Angeles,-118.3115783,34.0635115,29.7793536711619,58.2702975289965,55-60%,0.04716458,50.5413814561294,12.02897507,79.9626633478532,0.20006,62.0535158680772,787.9403354,92.5315349069564,48.9952811,50.1953371140517,0,0,1711.56836,75.9439859964991,1248.867438,70.675,1,17.077267637178,5,30.8816204549228,0.35,56.3997352746525,0,0,0.25,11.5922107674685,47.8886738330787,5.84719756292298,64.6297448662103,29.89,24.7507477567298,3.55,17.2055427251732,8.91,20.3389830508475,14,53.1257909390028,35.4,97.7128163486263,38.8,67.248743718593,7.6,72.5273295158771,35.5,96.5272496831432,49.096738609316,5.0929275692671,48.8905698436712
6037275603,2537,Los Angeles,90230,Los Angeles,-118.4066251,33.9864759,29.1852940074565,57.2491174987393,55-60%,0.04435661,37.5731176104543,11.77801801,69.0105787181083,0.356295167,81.7548226509023,399.9451995,43.3870363431997,72.14803366,81.7139256458727,0,0,2364.528646,81.8204551137785,2077.096205,88.2375,9.9,60.3770063456514,45.75,88.5937240577785,0.595,74.0701522170748,8,72.1545569088618,0.25,11.5922107674685,60.7439630266486,7.4168258200202,91.8855009334163,38.44,38.7587238285145,3.66,19.3353861945086,11.24,39.8928215353938,8.4,35.876993166287,8.8,56.8547841385844,14.9,21.7211055276382,3.3,21.1087975013014,25.1,80.468948035488,37.934218096666,3.93501138029651,32.0600100857287
6037267700,3276,Los Angeles,90025,Los Angeles,-118.4441611,34.0387144,29.1493032179238,57.1482602118003,55-60%,0.04791979,53.7274424393279,11.77429518,68.7990043559428,0.460404469,88.0647168637212,440.6380342,52.7163731734732,25.85526316,18.7523629489603,0,0,1642.062297,75.1312828207052,4623.029151,99.4,11.75,64.9869354236655,11,49.8256682716254,0.87,82.9119788219722,0,0,9.95,90.2863688430699,57.2499953075331,6.99021305552071,86.5961418792782,22.23,12.1635094715852,5.75,69.9897356941237,9.87,28.6141575274177,11.7,47.5069602632245,6.5,46.0008120178644,22.5,39.6231155778894,1.4,2.73295158771473,25.5,81.5209125475285,40.1997089816099,4.17001641958571,35.6782652546647
6037214501,2702,Los Angeles,90036,Los Angeles,-118.3578948,34.0712362,28.3546461641156,55.6101865859808,55-60%,0.04791979,53.7274424393279,11.72613579,67.0939639079029,0.255242631,70.8525202240199,787.9403354,92.5315349069564,52.51591392,55.1480781348456,0,0,1631.599996,74.9437359339835,1220.115178,69.425,0,0,10.5,48.4808235098788,1.555,90.6551952349437,0,0,0,0,49.5859242119079,6.05443149705429,69.3714996888612,31.63,27.9785643070788,4.74,45.0603027970233,12.33,49.1650049850449,3.1,11.3515565679575,11.4,66.8561375016917,17.6,28.6306532663317,6.1,58.3550234252993,26,82.6108998732573,45.1477390783116,4.68328796484215,43.0534543620777
6037212620,4087,Los Angeles,90005,Los Angeles,-118.3130597,34.0563607,28.2326884449373,55.3706505295008,55-60%,0.04676708,48.4505289359054,12.09098712,83.8083385189795,0.14067965,48.7616677037959,787.9403354,92.5315349069564,63.77962596,71.3169502205419,0,0,1787.309672,76.8442110527632,1153.567822,66.5625,0.5,7.70810003732736,9.8,45.1602191598871,0.31,51.7273328921244,0,0,0.25,11.5922107674685,48.4355018020323,5.91396514931614,66.372121966397,29.04,23.4670987038883,4.24,32.2684115986656,6.62,6.01944167497507,20.9,66.3123259934194,34.2,97.4015428339423,45.3,76.6206030150754,4,30.8823529411765,27.6,86.0709759188847,46.0212720665047,4.77390172787913,44.4150277357539
6037206020,8947,Los Angeles,90012,Los Angeles,-118.2311153,34.0571168,28.0333021120307,55.0680786686838,55-60%,0.04863521,56.9632856253889,12.8734267,93.2047293092719,0.724464175,95.8556316116988,787.9403354,92.5315349069564,0,0,0,0,1987.68569,79.1322830707677,1951.413014,86.25,146.55,99.7946995147443,29.9,79.0967956168023,5.92,98.2263401720715,8,72.1545569088618,0,0,65.279614857839,7.97062800769499,96.0672059738643,30.75,26.3334995014955,NA,NA,10.73,35.9047856430708,33.6,84.0420146798279,3.7,29.5303830017594,19,32.0477386934673,0.9,1.14523685580427,NA,NA,33.9052429399989,3.51707570406834,25.5925365607665
6037702802,2293,Los Angeles,90066,Culver City,-118.4165623,34.0053553,27.9749941099442,54.904185577408,50-55%,0.04539285,42.5637834474175,11.76013155,68.2638456751711,0.388351994,84.1568139390168,261.606744,15.2366679155739,69.13650214,77.9080025204789,0,0,2077.570984,80.0575143785946,3573.006073,97.9375,0,0,18,65.3162875643367,0.08,10.5493050959629,8,72.1545569088618,0,0,48.7116872942985,5.9476873430633,67.0566272557561,29.98,24.9002991026919,5.88,72.8509109571465,9.81,28.1156530408774,9.2,38.8509238167552,6.8,47.6789822709433,21.9,38.1281407035176,5.8,55.0234252993233,20.3,63.9670468948035,45.3426624153203,4.70350785042039,43.3308119011599
6037269903,3421,Los Angeles,90034,Los Angeles,-118.4064763,34.0209031,27.9053215192011,54.7781139687342,50-55%,0.04588368,44.9782202862477,11.69483322,66.110765401369,0.548043716,91.4250155569384,440.6380342,52.7163731734732,48.73883702,49.7920604914934,0,0,1976.740662,78.9947486871718,1254.906456,70.875,0,0,1.5,10.6425369417234,0.16,28.2991396426208,0,0,2.5,59.1752577319588,44.4488109208113,5.42719098459285,55.2084629744866,36.86,36.3035892323031,5.95,74.2237618681037,12.21,47.6196410767697,8.2,35.2189319159706,9.1,58.2216808769793,24.3,43.1407035175879,4.2,33.5762623633524,19.8,61.9391634980989,49.5675062467283,5.14176147447564,49.6217851739788
6037267502,3632,Los Angeles,90025,Los Angeles,-118.4621616,34.0375502,27.6459193135131,54.2107917297025,50-55%,0.04791979,53.7274424393279,11.67808355,65.5009334163037,0.343140227,80.5351586807716,545.6364411,64.281253902835,50.00972488,51.6068052930057,0,0,1561.141012,74.0810202550638,1156.515083,66.7,11.75,64.9869354236655,24.1,73.6510044828159,0.525,70.9331568497684,0,0,10.4,91.5463917525773,58.1105503995308,7.09528666132213,87.9775980087119,23.21,13.4097706879362,3.46,15.4862714908904,9.69,27.0189431704885,12,48.2915717539863,15.9,79.1717417783191,26.2,46.821608040201,5.8,55.0234252993233,17.8,53.1178707224335,37.5617859843122,3.89637806520442,31.3792233988906
6037275101,1161,Los Angeles,90230,Los Angeles,-118.4045296,33.9992665,27.5350438575912,53.9964699949571,50-55%,0.04490202,39.9875544492844,11.7957642,69.5706285003111,0.176570005,57.6353453640324,392.7586443,42.6626701636068,48.27949243,49.1241335853812,0,0,2225.644307,81.0452613153288,5114.931895,99.7125,0,0,6.1,35.1153910011622,0.1,16.6379880873594,8,72.1545569088618,0,0,44.905370181321,5.48293677961501,56.3907902924704,48.78,54.7607178464606,6.25,79.7279958942777,14.01,60.2816550348953,6.7,28.8281447734751,NA,NA,15.7,23.6557788944724,2.7,13.1832378969287,19.8,61.9391634980989,48.4125187621441,5.02195173213807,48.0080685829551
6037269800,3046,Los Angeles,90034,Los Angeles,-118.3968111,34.032045,27.2935363729479,53.5930408472012,50-55%,0.04632538,46.994399502178,11.81592791,70.230242688239,0.385886673,83.9079029247044,440.6380342,52.7163731734732,51.32057113,53.2703213610586,0,0,1895.247335,78.1070267566892,2501.499402,92.6,3.4,32.4374766703994,15,59.604848082351,0.8,81.4956982131039,0,0,0,0,51.3880570649188,6.27447156045046,73.889234598631,33.03,30.4586241276171,5.93,73.7618681036695,11.34,40.827517447657,3.3,12.5537838521893,5.7,41.4399783461903,23.4,41.4824120603015,2.7,13.1832378969287,21.5,68.93536121673,41.9341456170579,4.34993387251697,38.0358043368633
6037212702,3632,Los Angeles,90005,Los Angeles,-118.3261907,34.0585147,26.9207820391292,52.8870398386283,50-55%,0.04716458,50.5413814561294,12.03992694,80.522713130056,0.076895446,28.6994399502178,787.9403354,92.5315349069564,52.07609921,54.4675488342785,0,0,1763.39266,76.5066266566642,1215.321087,69.35,3.15,31.7469204927212,10.3,47.8831147268803,0.455,66.0886829913964,0,0,0,0,47.4328516252584,5.79154176188779,63.4100808960797,29.47,24.0403788634098,5.19,57.3903002309469,7.35,9.40927218344965,8.1,34.7760060744115,16.1,79.5912843415888,27.2,48.9195979899498,5.5,51.2623633524206,25.8,82.1546261089987,44.8103796663713,4.64829282873964,42.3600605143722
6037216700,3835,Los Angeles,90035,Los Angeles,-118.371949,34.0482451,26.8920838270561,52.8366111951589,50-55%,0.04716458,50.5413814561294,11.70222472,66.3596764156814,0.216846289,65.0404480398258,787.9403354,92.5315349069564,65.55127493,73.635790800252,0,0,1826.948039,77.3193298324581,1124.323275,65.275,0,0,13,54.5243234268637,0.575,73.4745201853077,7,66.7366652666947,1.7,43.2073310423826,56.7547861156918,6.92974811155997,85.8369632856254,33.97,31.7796610169492,3.82,22.4018475750577,9.7,27.0687936191426,8,34.3837003290306,3.4,27.2567329814589,27.2,48.9195979899498,4.8,41.8401874023946,27.7,86.2864385297845,37.4103827584534,3.88067262967259,31.089258698941
6037702502,3757,Los Angeles,90232,Culver City,-118.3858998,34.0125885,26.8368272262963,52.7357539082199,50-55%,0.04539285,42.5637834474175,11.7027382,66.3970130678283,0.162385371,54.2874922215308,503.8457176,60.9591607343574,27.51012146,20.9199747952111,0.004921738,10.2413793103448,2154.898031,80.6326581645411,1630.506145,80.775,7.65,51.7357222844345,39.75,85.8210194255355,0.435,64.6326935804103,7,66.7366652666947,13.1,94.6162657502864,58.9675295655933,7.19992364727716,89.5457373988799,40.36,42.0114656031904,4.55,39.8896587118296,11.23,39.8055832502493,NA,NA,8.8,56.8547841385844,13.5,18.4422110552764,4.2,33.5762623633524,10.6,16.3117870722433,35.9325818395603,3.7273766418961,28.7569339384771
6037267501,5993,Los Angeles,90025,Los Angeles,-118.4560691,34.0413355,26.8184489736889,52.6979324256178,50-55%,0.04791979,53.7274424393279,11.67808355,65.5009334163037,0.523064356,90.7654013690106,440.6380342,52.7163731734732,53.64847697,56.6855702583491,0,0,1567.524658,74.2435608902226,1077.720244,62.8,12.9,70.7726763717805,18.5,66.0634235430848,0.43,63.9046988749173,0,0,9.25,89.2783505154639,57.3712167492404,7.00501416947503,86.8699439950218,23.45,13.6714855433699,4.22,31.6653836284321,10.5,34.1849451645065,12.1,48.5826373070109,10.3,63.0396535390445,35.2,62.072864321608,2.4,9.72149921915669,17.8,53.1178707224335,36.9070882336434,3.82846462902996,30.2697932425618
6037214502,5285,Los Angeles,90036,Los Angeles,-118.3504042,34.0680052,26.7956420476381,52.6096822995461,50-55%,0.04791979,53.7274424393279,11.85554635,71.5494710640946,0.260549362,71.8108276291226,787.9403354,92.5315349069564,61.38385961,67.7000630119723,0,0,1668.932068,75.4438609652413,1026.672872,59.7125,0.5,7.70810003732736,10.5,48.4808235098788,0.905,83.5076108537393,0,0,0,0,50.352743961456,6.14806003616121,71.3005600497822,31.63,27.9785643070788,3.26,12.214523992815,12.33,49.1650049850449,0.5,0.620096178182739,8.1,53.8638516714034,27.8,50.2386934673367,7.3,69.9765747006767,35.5,96.5272496831432,42.0156621175641,4.35838978312402,38.2123045890066
6037211701,2596,Los Angeles,90020,Los Angeles,-118.3184531,34.0653405,26.7683059069637,52.5466464952093,50-55%,0.04716458,50.5413814561294,12.02897507,79.9626633478532,0.14843798,50.7902924704418,787.9403354,92.5315349069564,55.09056835,58.9540012602394,0,0,1689.481283,75.7064266066517,1228.334104,69.7625,1,17.077267637178,2.5,16.7524489457081,0.26,44.7253474520185,0,0,0,0,45.091070939683,5.5056108053254,56.9010578718108,38.95,39.5812562313061,4.43,36.6564023607904,11.74,44.0054835493519,5.4,23.2978992660086,17.3,81.8920016240357,15.1,22.2236180904523,7,67.4778761061947,22.8,73.4093789607098,46.8706010949815,4.86200475360002,45.5748865355522
6037267800,2666,Los Angeles,90064,Los Angeles,-118.4306811,34.03958,26.4290890169271,51.7650025214322,50-55%,0.04716458,50.5413814561294,11.79089062,69.4337274424393,0.235224701,68.03982576229,440.6380342,52.7163731734732,56.20010175,60.3024574669187,0,0,1694.884704,75.7564391097774,2468.370937,92.325,0.9,11.832773422919,25.3,75.1618794620621,0.41,62.4751819986764,0,0,2.5,59.1752577319588,53.0026065419601,6.4716077309003,78.1082762912259,31.13,27.0563310069791,4.98,51.8219142930459,12.56,50.8973080757727,4.2,17.2487977727158,NA,NA,18.1,29.7361809045226,3,17.1134825611661,24.2,77.8200253485425,39.3690697193346,4.08385213008737,34.505799293999
6037212501,1940,Los Angeles,90005,Los Angeles,-118.3053637,34.05607,26.1743329455866,51.2733232476046,50-55%,0.04676708,48.4505289359054,12.09098712,83.8083385189795,0.206284944,63.235843186061,787.9403354,92.5315349069564,74.70109787,84.3730308758664,0,0,1859.238322,77.7069267316829,865.4691579,48.85,1.95,23.5162374020157,2.25,14.9261165532127,0.11,19.2455327597617,0,0,0.5,22.0847651775487,46.8978603891236,5.72621943822069,61.9788425637834,24.73,15.9770687936191,3.45,15.3579676674365,6.96,7.46510468594217,26.2,75.2214629207795,27.9,94.5053457842739,53.9,85.929648241206,4.5,37.7147319104633,26,82.6108998732573,44.0648990641643,4.57096226017488,41.2002017145739
6037273200,3229,Los Angeles,90291,Los Angeles,-118.4669749,33.9975862,26.0567086951473,51.0590015128593,50-55%,0.04632538,46.994399502178,11.68337511,65.7249533291848,0.165979018,55.2084629744866,538.3555118,63.7692019482952,68.51047531,77.164461247637,0,0,1807.291036,77.0442610652663,1018.754048,59.125,1.7,21.0899589399029,8.25,41.4245392661464,0.225,39.7749834546658,5,51.2179756404872,3.45,65.2462772050401,51.6694773060035,6.30883291598858,74.673304293715,32.8,29.9850448654038,4.84,47.9599692070824,9.15,22.2956131605184,10.8,44.6469248291572,3.9,30.694275274056,22.4,39.3969849246231,6.8,65.6298802706923,17.3,50.722433460076,39.8158210813612,4.13019476694515,35.0731215330308
6037216800,3203,Los Angeles,90035,Los Angeles,-118.3706043,34.0557841,26.0117599082562,50.9959657085224,50-55%,0.04716458,50.5413814561294,11.7011911,66.2725575606721,0.124385219,44.3559427504667,787.9403354,92.5315349069564,64.15035305,71.7454316320101,0,0,1760.256714,76.4691172793198,1356.654908,73.9875,0.1,2.07166853303471,32,81.3382035530467,0.345,55.4202514890801,0,0,0,0,48.913963703807,5.97238525248625,67.5046670815183,30.53,25.8474576271186,5.26,59.186553759302,8.91,20.3389830508475,8,34.3837003290306,9.9,61.5374204899175,21.4,36.9849246231156,5.1,45.7834461218116,20.7,65.5513307984791,41.9862479757801,4.35533858058264,38.1618759455371
6037212502,2810,Los Angeles,90005,Los Angeles,-118.3069674,34.0586417,25.8910654452022,50.7690368129097,50-55%,0.04676708,48.4505289359054,12.09098712,83.8083385189795,0.241543004,68.9234598630989,787.9403354,92.5315349069564,43.23464423,41.650913673598,0,0,1818.676982,77.2193048262066,1206.337817,68.9625,1.55,20.5113848450915,9.75,45.0938070728873,0.26,44.7253474520185,0,0,1,35.7159221076747,49.8653124922402,6.08854475058816,70.0062227753578,28.23,22.2582253240279,3.01,9.32768796510136,8.05,14.0952143569292,22.4,68.969881042774,28.2,94.6812829882257,45.7,77.0603015075377,2.7,13.1832378969287,24.9,79.9112801013942,40.9941196280291,4.25242262409274,36.7876954109934
6037700802,4092,Los Angeles,90211,Beverly Hills,-118.3820778,34.0684232,25.7252196392539,50.4286434694907,50-55%,0.04863521,56.9632856253889,11.70232612,66.3845675171126,0.255817699,70.9894212818917,669.4406899,73.3233420756838,43.31270096,41.8147448015123,0,0,1617.959045,74.818704676169,1135.540565,65.8125,1.9,23.4975737215379,26.8,76.6063423543085,0.735,79.5764394440768,0,0,2.45,56.0366552119129,53.2233478802689,6.4985602044621,78.6309894212819,32.35,29.3619142572283,2.39,3.69515011547344,8.71,18.7313060817547,4.1,16.7932169071121,11.2,66.2335904723237,22.3,39.2085427135678,9.5,83.9796980739198,29.1,89.0874524714829,38.1616451395834,3.95860295663496,32.4508320726172
6037702700,3435,Los Angeles,90230,Culver City,-118.400984,34.0058662,25.6467469313631,50.2395360564801,50-55%,0.04539285,42.5637834474175,11.76395685,68.3385189794649,0.269096918,72.9433727442439,306.5325757,25.3153490695641,57.5584601,62.3188405797101,0,0,2161.167318,80.6951737934484,2441.445912,92.0625,0.7,9.59313176558417,24.3,73.7838286568155,0.425,63.6002647253475,8,72.1545569088618,1.5,42.3138602520046,54.4495043717283,6.64827366851863,81.2196639701307,43.84,47.357926221336,7.36,92.8919681806518,12.63,51.3833499501496,4.4,18.3624398886358,2.7,21.4237379889024,10,10.1381909547739,1.2,1.90005205622072,4,0.671736375158428,37.1884897850587,3.85765511621571,30.7992939989914
6037269907,2692,Los Angeles,90034,Los Angeles,-118.4067099,34.0280469,25.5219838713866,49.8865355521936,45-50%,0.04632538,46.994399502178,11.80798017,69.9191039203485,0.58404976,92.5326695706285,440.6380342,52.7163731734732,49.81001704,51.291745431632,0,0,1909.184326,78.3070767691923,1988.041758,86.8375,0,0,7.5,39.4487796779014,0.195,32.0317670416942,0,0,0,0,44.6486088119274,5.4515862674124,55.8058494088363,34.49,32.5024925224327,5.85,72.0810880164229,11.8,44.5289132602193,7.5,32.1564160971906,5.6,40.8986331032616,18.2,30.0376884422111,4.8,41.8401874023946,18.8,57.8580481622307,45.1311796205747,4.68157021084811,42.9904185577408
6037271801,3071,Los Angeles,90034,Los Angeles,-118.4182534,34.0167232,25.4213980772877,49.7478567826525,45-50%,0.04588368,44.9782202862477,11.66040963,64.7542003733665,0.450602084,87.5420037336652,440.6380342,52.7163731734732,44.33100638,43.3522369250158,0,0,1945.418315,78.6946736684171,4534.104469,99.3625,0,0,11.75,51.2203220986219,0.16,28.2991396426208,0,0,0,0,44.5846481294316,5.44377668078414,55.6191661481021,34.49,32.5024925224327,4.98,51.8219142930459,11.8,44.5289132602193,8.8,37.2817008352316,3.4,27.2567329814589,29,52.2613065326633,3.7,26.8610098906819,30.8,91.7617237008872,45.017800740042,4.66980913581964,42.8139183055976
6037272202,3359,Los Angeles,90066,Los Angeles,-118.4391488,33.9975533,25.1316318867835,49.0166414523449,45-50%,0.04588368,44.9782202862477,11.67264265,65.3142501555694,0.234455999,67.8780336029869,440.6380342,52.7163731734732,50.77346229,52.6023944549464,0,0,1983.794332,79.0322580645161,879.7590638,49.9375,5.45,43.598357596118,7.5,39.4487796779014,0.635,76.2011912640635,0,0,0,0,44.9881410473505,5.4930430859165,56.6521468574984,35.21,33.8235294117647,2.27,3.19476520400308,12.29,48.629112662014,22.2,68.552265249304,6,43.294085803221,33.6,59.5226130653266,5.5,51.2623633524206,23.5,75.6780735107731,44.1055079777348,4.57517472441058,41.2758446797781
6037275302,5059,Los Angeles,90292,Los Angeles,-118.4336385,33.9838746,25.0625183271214,48.8401412002017,45-50%,0.04490202,39.9875544492844,11.65999433,64.7293092719353,0.326771284,79.0541381456129,644.7224906,71.662295491445,27.71812676,21.1216131064902,0,0,2183.243632,80.7951987996999,1480.827196,77.675,14.75,74.4120940649496,40.25,86.1862859040345,0.35,56.3997352746525,27,99.5590088198236,2.25,55.5097365406644,61.056549812314,7.45499260446103,92.1717485998755,22.93,13.0857427716849,5.09,54.8498845265589,8.21,14.7931206380857,4.5,18.8053657301949,5.7,41.4399783461903,21.9,38.1281407035176,2.4,9.72149921915669,24.3,78.1115335868188,32.4087764146427,3.36184348621944,23.6006051437216
6037212101,3187,Los Angeles,90020,Los Angeles,-118.2941415,34.0635956,24.7847289200155,48.2728189611699,45-50%,0.04756207,51.8979464841319,12.12928682,86.2227753578096,0.649506524,94.3870566272558,787.9403354,92.5315349069564,49.85626329,51.3421550094518,0,0,1808.51235,77.0692673168292,1176.931266,67.775,8.8,54.7032474804031,0,0,0.45,65.9166115155526,0,0,0.25,11.5922107674685,52.2496159594312,6.37966773033954,76.1169881767268,23.34,13.5468594217348,3.33,13.4975622273544,7.19,8.57427716849452,19.6,64.0976967856239,29.4,95.385031804033,43,73.4170854271357,2.1,7.14471629359709,23.3,75.1077313054499,37.4516759645146,3.88495607728091,31.1775088250126
6037269602,2865,Los Angeles,90034,Los Angeles,-118.384482,34.0432688,24.7490529387799,48.2097831568331,45-50%,0.04676708,48.4505289359054,11.72153182,66.994399502178,0.096197706,36.0049782202862,787.9403354,92.5315349069564,58.07334184,63.0245746691872,0,0,1826.111613,77.3068267066767,1252.307553,70.7875,0,0,5.25,31.5125352814212,0.12,20.3176704169424,0,0,0,0,41.3803756249901,5.05253564445437,46.9446172993155,24.87,16.2013958125623,7.34,92.7764947395432,8.57,17.7467597208375,13.8,52.5183497848646,4.3,33.3062660711869,38.5,66.8718592964824,3,17.1134825611661,30.4,91.191381495564,47.2209089664169,4.89834306581178,46.0791729702471
6037271100,2445,Los Angeles,90064,Los Angeles,-118.4268131,34.0339126,24.6341431918889,48.0332829046899,45-50%,0.04716458,50.5413814561294,11.78318303,69.1474797759801,0.261002865,71.8357187305538,440.6380342,52.7163731734732,58.15454184,63.1379962192817,0,0,1747.820048,76.3440860215054,5096.867427,99.7,0,0,9.75,45.0938070728873,0.735,79.5764394440768,0,0,2,52.8980526918671,52.123139561999,6.364224987335,75.8680771624144,30.51,25.7851445663011,3.39,14.3828586091866,12.26,48.3050847457627,6.4,27.6132624651987,5.7,41.4399783461903,17.2,27.5628140703518,8.9,81.0124934929724,16.8,48.0608365019011,37.3144531412032,3.87072161039428,31.0010085728694
6037703001,6503,Los Angeles,90056,Culver City,-118.3818632,33.9970127,24.61636653678,48.0080685829551,45-50%,0.04435661,37.5731176104543,11.69361957,65.9987554449284,0.188282274,59.9128811449907,312.4414681,25.8898463844136,36.75771394,32.8544423440454,0,0,2410.809692,82.1080270067517,2558.331168,93.15,17.25,78.2568122433744,49.5,89.988377884775,0.695,78.0542686962277,7,66.7366652666947,7.5,84.7422680412371,59.6424819701193,7.28233520180442,90.3298070939639,39.43,40.6530408773679,5.61,67.167051578137,9.37,24.2148554336989,1.5,3.87243735763098,1,6.26607118689945,7.4,4.91206030150754,5.4,49.8568453930245,15.4,40.8998732572877,32.5865533978357,3.38028473760457,23.8401412002017
6037265305,3990,Los Angeles,90024,Los Angeles,-118.4490226,34.0626943,24.1310626809087,47.0373171961674,45-50%,0.04939042,59.6888612321095,11.70850449,66.6459240821406,0.509515564,90.2675793403858,440.6380342,52.7163731734732,42.47144761,40.4536862003781,0.0003535,3.06896551724138,1465.643311,72.6181545386347,1832.050273,84.3625,4,37.5513251213139,2.5,16.7524489457081,0.6,74.7319655857048,0,0,0.2,9.66781214203895,48.3987404600147,5.90947659675767,66.2476664592408,11.78,1.39581256231306,4.76,45.8686168847832,10.55,34.5588235294118,3,10.807390534042,3,23.765056164569,70.8,97.6507537688442,3.6,25.2342529932327,49.6,99.8225602027883,39.3652101957656,4.08345177204841,34.4679778113969
6037703002,6721,Los Angeles,90056,Ladera Heights,-118.3729521,33.9875024,24.0928791406657,46.9490670700958,45-50%,0.04435661,37.5731176104543,11.7994331,69.6204107031736,0.091346358,34.2501555693839,520.1543636,62.3704258773573,46.94574204,47.1581600504096,0,0,2642.739014,83.3333333333333,2106.670007,88.5875,6.5,47.2564389697648,2.25,14.9261165532127,0.255,43.6532097948379,0,0,2,52.8980526918671,45.8233464626548,5.59502150122885,58.8923459863099,55.46,63.3349950149551,4.87,48.7682832948422,8.95,20.6006979062812,2.9,10.3138445963047,1.2,8.48558668290702,12.6,16.0427135678392,9.6,84.5783446121812,23.1,74.5247148288973,41.5118497981594,4.30612807035221,37.3550176500252
6037215101,3015,Los Angeles,90036,Los Angeles,-118.3535529,34.0636762,24.0772277756263,46.8986384266263,45-50%,0.04756207,51.8979464841319,11.72613579,67.0939639079029,0.184398843,59.1537025513379,787.9403354,92.5315349069564,57.70205661,62.5708884688091,0,0,1688.537964,75.6689172293073,1248.281658,70.6625,0.25,4.12467338559164,4,26.1663622779346,1.4,89.7021839841165,0,0,0,0,47.96450243888,5.85645622062953,64.903546981954,31.63,27.9785643070788,6.33,80.9853733641263,12.33,49.1650049850449,0.4,0.417615793470008,1.5,11.2735146839897,19.1,32.2738693467337,2.9,15.8381051535659,22.7,72.97845373891,39.6329796477086,4.11122816743914,34.9218356026223
6037271901,3245,Los Angeles,90066,Los Angeles,-118.4246723,34.0128357,23.899387092337,46.5330307614725,45-50%,0.04588368,44.9782202862477,11.65149211,64.4555071561917,0.45919012,88.0149346608587,440.6380342,52.7163731734732,56.64763174,60.9955891619408,0,0,1935.891988,78.5696424106027,2912.676831,95.4125,0,0,11.3,50.2739498588743,0.13,22.3692918596956,0,0,0,0,45.2714466853475,5.52763464804312,57.4237710018668,27.64,21.2487537387836,7.35,92.8149858865794,9.62,26.4082751744766,8.8,37.2817008352316,4,31.3032886723508,16.7,26.2060301507538,5.2,46.9937532535138,15.4,40.8998732572877,41.6804670835537,4.32361916336092,37.5315179021684
6037214800,2813,Los Angeles,90048,Los Angeles,-118.3730515,34.0713896,23.8186700079124,46.2934947049924,45-50%,0.04863521,56.9632856253889,11.68771731,65.8867454884879,0.174031399,57.1375233354076,787.9403354,92.5315349069564,51.98727874,54.3163201008192,0,0,1611.99528,74.706176544136,1371.472776,74.4875,0.1,2.07166853303471,42,87.0994521002822,0.97,84.7782925215089,0,0,1,35.7159221076747,53.6467795175997,6.55026112327424,79.5021779713752,27.51,20.9745762711864,4.55,39.8896587118296,13.3,55.7701894317049,5.3,22.7663882561377,4.3,33.3062660711869,16.1,24.7236180904523,4.9,43.0895366996356,13.8,32.2686945500634,35.0545211025344,3.6362932041412,27.5214321734745
6037217002,4639,Los Angeles,90035,Los Angeles,-118.3804933,34.0495333,23.7699713508449,46.1674230963187,45-50%,0.04716458,50.5413814561294,11.69991328,66.2476664592408,0.093919446,35.2084629744866,787.9403354,92.5315349069564,55.50543728,59.4706994328922,0,0,1788.49705,76.8567141785446,1172.409411,67.55,0.1,2.07166853303471,12,52.0338701643699,0.345,55.4202514890801,7,66.7366652666947,0,0,49.1180353142328,5.99730235558463,68.1269446172993,31.16,27.1186440677966,3.75,21.0803181934822,11.15,39.0827517447657,6.4,27.6132624651987,10.5,63.6892678305589,29,52.2613065326633,2.9,15.8381051535659,24,77.2116603295311,38.2083125654925,3.96344388551805,32.576903681291
6037272302,4457,Los Angeles,90066,Los Angeles,-118.4274418,34.0021096,23.7047478318568,45.940494200706,45-50%,0.04539285,42.5637834474175,11.63317139,63.9950217797138,0.163944669,54.7230864965775,440.6380342,52.7163731734732,56.99247968,61.4744801512287,0,0,2015.350647,79.4073518379595,838.7642448,46.9875,0,0,4,26.1663622779346,0.4,61.5751158173395,5,51.2179756404872,0,0,42.7529299895816,5.22012425974143,50.9645301804605,35.21,33.8235294117647,3.02,9.50731331793687,12.29,48.629112662014,27.1,76.4236902050114,14.1,74.7597780484504,32.3,57.4371859296482,4.7,40.6038521603332,14.4,35.2724968314322,43.7763595494401,4.54103133419107,40.8093797276853
6037216401,3772,Los Angeles,90035,Los Angeles,-118.3797435,34.0566897,23.6638692409313,45.7766011094302,45-50%,0.04756207,51.8979464841319,11.69760185,66.1605476042315,0.114423963,41.7050404480398,761.0063956,86.5742475334083,44.53982753,43.6672967863894,0,0,1726.341329,76.1065266316579,1602.000454,80.125,0.6,8.04404628592759,28,77.9345840943052,0.155,27.0814030443415,0,0,0,0,44.7237193522932,5.46075724947191,55.980087118855,29.1,23.5418743768694,4.07,28.3551449833205,10.4,33.0757726819541,3.3,12.5537838521893,11.8,68.1553660847205,28.5,51.4070351758794,5.4,49.8568453930245,32.7,94.1571609632446,41.7751511539298,4.33344097894476,37.7584467977811
6037265303,5156,Los Angeles,90024,Los Angeles,-118.4534107,34.067274,23.6352218971014,45.7009581442259,45-50%,0.04978792,60.6596141879278,11.54279044,61.929060360921,0.496446754,89.7448662103298,440.6380342,52.7163731734732,32.25169047,26.9061121613106,0,0,1427.664042,71.9429857464366,756.2988849,40.9875,0,0,0.5,2.72289556699319,0.16,28.2991396426208,0,0,0,0,35.8086783340075,4.37223251192799,31.1885500933416,18.77,7.56480558325025,NA,NA,12.33,49.1650049850449,NA,NA,3.9,30.694275274056,79.5,99.4095477386935,7.7,73.4122852680895,64.7,99.9239543726236,52.1124604737566,5.40575594564599,53.618255168936
6037702300,6839,Los Angeles,90405,Santa Monica,-118.4559535,34.0183122,23.2520420452904,45.0201714573878,45-50%,0.04676708,48.4505289359054,11.75472373,68.1020535158681,0.346023335,80.7467330429372,417.8039058,48.157861870863,53.73043808,56.8241965973535,0,0,1711.198324,75.9314828707177,1342.125166,73.575,16.5,77.3236282194849,28.65,78.4326747468039,0.755,80.2779616148246,0,0,12.95,94.3642611683849,59.6755564527703,7.28637358956655,90.3795892968264,31.01,26.7946161515454,4.07,28.3551449833205,11.1,38.6590229312064,4.1,16.7932169071121,1.3,9.46000812017864,20.4,35.1507537688442,3.1,18.3107756376887,22.3,71.5716096324461,30.7634337509724,3.19116797395418,21.0539586485124
6037267402,4872,Los Angeles,90025,Los Angeles,-118.4659262,34.042074,23.0240692854921,44.5663136661624,40-45%,0.0482775,55.3827006845053,11.68630169,65.8369632856254,0.21737024,65.1026757934039,509.700399,61.4462345447733,25.18816831,18.0214240705734,0.0000296,0.896551724137931,1511.11499,73.3808452113028,1022.60088,59.325,22.5,84.2105263157895,25,74.8298190270629,0.665,77.1012574454004,0,0,4,70.4238258877434,53.7203948545932,6.55924954129898,79.6764156813939,18.63,7.39032901296112,5.52,65.0243777264563,8.5,17.1610169491525,4.9,20.8554796254113,9.8,61.0908106645013,15.7,23.6557788944724,3.4,22.5663716814159,19.5,60.9252217997465,33.838653547983,3.51016821978273,25.4790721129602
6037272201,2390,Los Angeles,90066,Los Angeles,-118.4341265,34.0003832,22.9798281049917,44.4402420574887,40-45%,0.04588368,44.9782202862477,11.63317139,63.9950217797138,0.25867,71.4872433105165,440.6380342,52.7163731734732,42.61424829,40.7435412728418,0,0,1992.713969,79.1822955738935,1390.936696,75.1625,0,0,0,0,0.375,58.8087359364659,0,0,0,0,39.6093486788216,4.83629360610513,41.8046048537648,35.21,33.8235294117647,4.61,41.4677957403131,12.29,48.629112662014,20.2,65.1986838774994,12.2,69.2245229395047,27.8,50.2386934673367,5.1,45.7834461218116,11.6,21.0773130544994,45.8056722484138,4.75153701917166,44.0872415532022
6037265510,4663,Los Angeles,90024,Los Angeles,-118.4426278,34.0564831,22.9298426785315,44.3015632879476,40-45%,0.04863521,56.9632856253889,11.74779166,67.9278158058494,0.21035,63.9701306782825,440.6380342,52.7163731734732,25.25776468,18.1348456206679,0,0,1539.439351,73.7684421105276,2073.640248,88.2,10.75,62.896603210153,2.8,17.4663788809563,0.47,67.0416942422237,0,0,1,35.7159221076747,47.3481143139163,5.78119535300424,63.235843186061,16.08,4.74825523429711,3.96,25.6607646907878,10.16,31.0942173479561,0,0,12.5,69.9824062796048,46.8,78.3417085427136,4.1,32.274856845393,42.5,99.2522179974651,38.2356585120245,3.96628054898991,32.6525466464952
6037216402,2521,Los Angeles,90035,Los Angeles,-118.3804364,34.0611535,22.5060067357733,43.2551689359556,40-45%,0.04791979,53.7274424393279,11.699038,66.2227753578096,0.25217531,70.3173615432483,787.9403354,92.5315349069564,44.83623535,44.2218021424071,0,0,1695.807983,75.7689422355589,1668.333843,81.375,1,17.077267637178,21.5,70.2971940893243,0.145,24.7121111846459,0,0,0,0,47.8195097461856,5.83875264165135,64.443061605476,20.98,10.3315054835494,5.69,68.7066974595843,6.64,6.13160518444666,5.8,25.0569476082005,13.6,73.0951414264447,22.4,39.3969849246231,0.6,0.468505986465383,30.7,91.6223067173638,37.1589566875731,3.8545915741017,30.7488653555219
6037276100,5739,Los Angeles,90045,Los Angeles,-118.3730208,33.9759315,22.4447599557524,43.1543116490166,40-45%,0.0438112,35.1586807716241,11.87271814,72.0348475420037,0.596120808,92.8811449906658,750.1301017,85.4252529037093,43.65365254,42.4952741020794,0,0,2868.90328,84.1960490122531,3305.026281,97.0875,2.2,26.0731616274729,6.25,35.3478333056616,0.155,27.0814030443415,0,0,0.9,26.5521191294387,50.1101969173223,6.11844509024945,70.6160547604232,32.04,28.8260219341974,4.18,30.8442391583269,10.01,29.9975074775673,2.5,8.41559098962288,4.5,34.6460955474354,19,32.0477386934673,5.5,51.2623633524206,24.2,77.8200253485425,35.3638094881641,3.66837646243178,27.8240040342915
6037274100,4838,Los Angeles,90292,Los Angeles,-118.4489221,33.9875224,22.2584969319583,42.6626323751891,40-45%,0.04539285,42.5637834474175,11.70131556,66.2850031113877,0.293699569,75.6440572495333,644.8223516,71.6872736355689,20.41881603,12.6780088216761,0,0,2018.443319,79.4323580895224,1472.947579,77.5125,23.5,84.9757372153789,44.55,88.0292213182799,0.5,69.3977498345467,17,96.7870642587148,14.5,95.6930126002291,64.4757677114021,7.87247843078268,95.4324828873678,26.62,19.3918245264207,4.03,27.2902232486528,9.54,25.6729810568295,3,10.807390534042,5.8,42.1166598998511,25.8,45.9673366834171,NA,NA,11.9,22.6869455006337,27.2564630492268,2.82738112624404,16.2128088754413
6037214700,2414,Los Angeles,90048,Los Angeles,-118.3661529,34.0664969,22.0724530356048,42.2844175491679,40-45%,0.04791979,53.7274424393279,11.71968263,66.9197261978843,0.606950734,93.1300560049782,787.9403354,92.5315349069564,58.59047221,63.8185255198488,0,0,1665.137716,75.4188547136784,1122.292637,65.15,0,0,23.5,72.9370745475677,0.955,84.5929847782925,0,0,0,0,53.0600156036135,6.47861736592506,78.2078406969508,21.29,10.7676969092722,5.46,63.5360533743906,9.93,29.3743768693918,5,21.3743356112377,4.1,32.0341047503045,17.6,28.6306532663317,5.6,52.5247267048412,11.6,21.0773130544994,32.8438011975639,3.40696969567876,24.1048915784165
6037267404,3475,Los Angeles,90025,Los Angeles,-118.4605333,34.0456314,21.9645786693259,42.0700958144226,40-45%,0.04863521,56.9632856253889,11.65656905,64.6795270690728,0.337805115,80.0746733042937,440.6380342,52.7163731734732,31.70799061,26.1751732829238,0.002286273,6.93103448275862,1524.079671,73.6059014753688,1130.111213,65.525,28,87.812616648003,32,81.3382035530467,0.73,79.3646591661152,0,0,7.5,84.7422680412371,57.7730971950001,7.05408369207705,87.3926571250778,13.1,2.26819541375872,2.44,3.96458814472671,6.2,4.22482552342971,3.4,13.1106049101493,6.7,47.0835025037217,30.6,54.786432160804,9,81.6892243623113,27.6,86.0709759188847,30.017008832573,3.11373944910747,19.9697428139183
6037215102,3059,Los Angeles,90036,Los Angeles,-118.3456014,34.0649905,21.8495950789682,41.8935955622794,40-45%,0.04791979,53.7274424393279,11.85554635,71.5494710640946,0.378102574,83.3602986932172,787.9403354,92.5315349069564,42.13815789,40.0378071833648,0,0,1688.82133,75.6939234808702,1417.659668,75.925,1.7,21.0899589399029,10,47.4348331396314,0.55,72.5876902713435,0,0,0,0,50.4762886373778,6.16314481655167,71.6365899191039,31.63,27.9785643070788,4.07,28.3551449833205,12.33,49.1650049850449,1,1.7717033662364,2.2,17.2553796183516,19.5,33.2035175879397,3.8,28.2014575741801,27.3,85.5006337135615,34.1763882319343,3.54520228379012,25.9581442259203
6037271300,4395,Los Angeles,90064,Los Angeles,-118.4413454,34.0259653,21.7573231770553,41.6540595057993,40-45%,0.04676708,48.4505289359054,11.72305579,67.0192906036092,0.71532302,95.7685127566895,440.6380342,52.7163731734732,57.87605888,62.7851291745432,0,0,1739.537272,76.2565641410353,3883.358536,98.5375,2.35,27.6409107876073,15.25,59.8870994521003,1.08,86.2078093977498,0,0,8,86.5063001145475,59.1439662155716,7.22146652719402,89.7946484131923,23.71,14.2323030907278,3.67,19.5919938414165,9.34,23.9406779661017,9.2,38.8509238167552,8.8,56.8547841385844,16,24.4221105527638,0,0,23,74.04309252218,29.0445869194027,3.01286769039548,18.6585980837115
6037264301,5552,Los Angeles,90049,Los Angeles,-118.4642912,34.0509979,21.6574599270342,41.4019162884518,40-45%,0.04863521,56.9632856253889,11.75489665,68.1393901680149,0.111029983,40.6471686372122,440.6380342,52.7163731734732,30.19243054,24.2722117202268,0.004182148,9.17241379310345,1474.124349,72.8307076769192,1092.089641,63.5625,22.25,84.0052258305338,30.5,80.1095799435497,1.035,85.5857048312376,0,0,2.75,60.5269186712486,53.0404995179662,6.47623445574399,78.170504044804,14.14,3.05333998005982,4.44,37.0156530664614,7.88,12.7367896311067,NA,NA,2.5,19.8673704154825,17.5,28.4170854271357,7.1,68.4018740239459,22.1,70.8111533586819,32.2381491827604,3.34414389643128,23.2602118003026
6037265201,2567,Los Angeles,90024,Los Angeles,-118.4364091,34.0668274,21.3846093960059,40.8345940494201,40-45%,0.04939042,59.6888612321095,11.71588806,66.8201617921593,0.276515842,73.8145612943373,440.6380342,52.7163731734732,33.86380631,29.1115311909263,0,0,1483.853638,72.993248312078,1362.998845,74.225,12.2,69.3542366554685,0.3,2.10858376224473,0.94,84.2488418266049,0,0,0,0,46.1615888992115,5.63632083554755,59.9751088985688,13.44,2.51744765702891,2.94,8.59635617141391,10.97,37.5,6.7,28.8281447734751,NA,NA,29.6,53.2663316582915,7.4,70.9005726184279,23.2,74.7908745247148,36.5755410849375,3.79407241353897,29.7907211296016
6037271702,3918,Los Angeles,90034,Los Angeles,-118.4259054,34.0251282,21.3818443634592,40.8219868885527,40-45%,0.04632538,46.994399502178,11.73728992,67.4922215308027,0.663178635,94.7604231487243,440.6380342,52.7163731734732,64.19059319,71.8084436042848,0,0,1829.908366,77.3943485871468,6408.077277,99.925,0,0,4,26.1663622779346,0.625,75.8305757776307,0,0,2,52.8980526918671,52.9172668453797,6.46118777089879,77.9464841319228,24.88,16.2263210368893,2.76,6.62047729022325,9.09,21.7971086739781,3.8,15.236648949633,9.6,60.1705237515225,33.7,59.6608040201005,4.3,35.0208224882874,23.1,74.5247148288973,31.9020025706925,3.30927456709478,22.5668179525971
6037267200,7004,Los Angeles,90025,Los Angeles,-118.4372057,34.0456465,21.0826656501217,40.1538073625819,40-45%,0.04791979,53.7274424393279,11.77107454,68.6372121966397,0.30512102,76.9632856253889,440.6380342,52.7163731734732,32.20511174,26.8557025834909,0,0,1623.716349,74.8687171792948,3019.981232,95.95,9.5,59.6304591265398,9.5,44.8281587248879,0.145,24.7121111846459,0,0,8,86.5063001145475,51.8550297098427,6.3314888276412,75.2582451773491,21.05,10.4187437686939,4.38,35.3861945085964,9.35,24.0029910269192,2,5.85927613262465,5.9,42.8068750845852,18.1,29.7361809045226,5.6,52.5247267048412,22.9,73.7262357414449,32.0999843408368,3.32981171159644,22.9576399394856
6037216100,2151,Los Angeles,90019,Los Angeles,-118.3379721,34.0569256,21.0776539776411,40.1285930408472,40-45%,0.04716458,50.5413814561294,12.01976856,79.4648413192284,0.11536064,41.9788425637834,787.9403354,92.5315349069564,59.97722672,65.6962822936358,0,0,1782.283956,76.7566891722931,1162.048349,66.9875,3.5,33.8745800671892,4.75,28.0757097791798,0.415,62.5943084050298,0,0,2,52.8980526918671,51.3259327055533,6.26688618851165,73.6403235843186,45.2,49.0403788634098,4.85,48.2678983833718,9.31,23.6914257228315,5.6,24.1204758289041,8.3,54.5811341182839,11.4,13.2663316582915,2.7,13.1832378969287,10.8,17.4144486692015,32.4231799787632,3.36333760397313,23.6258194654564
6037265304,2878,Los Angeles,90024,Los Angeles,-118.451161,34.0677546,20.9640664301415,39.9268784669692,35-40%,0.04978792,60.6596141879278,11.54279044,61.929060360921,0.496030504,89.7199751088986,440.6380342,52.7163731734732,49.55143383,51.0144927536232,0,0,1427.456685,71.9304826206552,720.9114187,37.9,0,0,0.5,2.72289556699319,0.195,32.0317670416942,0,0,0,0,37.8061440243707,4.61612267596603,36.7143746110765,10.35,0.997008973080758,NA,NA,10.19,31.3434695912263,2.3,7.40318906605922,11.1,65.9764514819326,84,99.6984924623116,9.5,83.9796980739198,59.2,99.8986058301648,43.7807633325156,4.54148814963074,40.8345940494201
6037269905,2459,Los Angeles,90034,Los Angeles,-118.4018807,34.0218574,20.6637398715829,39.2208774583964,35-40%,0.04588368,44.9782202862477,11.69483322,66.110765401369,0.756347681,96.1792159303049,440.6380342,52.7163731734732,30.25809717,24.3730308758664,0,0,1988.655619,79.1572893223306,1199.114637,68.6625,0,0,3.75,25.0871658641873,0.26,44.7253474520185,7,66.7366652666947,1.5,42.3138602520046,47.938985504793,5.85334060804592,64.803982576229,36.55,35.8424725822532,2.82,7.17218373107519,12.15,47.1834496510469,4.9,20.8554796254113,3.8,30.0175937203952,24,42.6130653266332,5.1,45.7834461218116,17.3,50.722433460076,34.0322194861619,3.53024729898322,25.7312153303076
6037273902,4221,Los Angeles,90291,Los Angeles,-118.4661137,33.983199,20.5607466135037,38.9561270801815,35-40%,0.04539285,42.5637834474175,11.71620563,66.8326073428749,0.253723209,70.6409458618544,440.6380342,52.7163731734732,42.80635168,40.9955891619408,0,0,1936.440979,78.5821455363841,784.9219815,43.075,2.95,29.8618887644644,23.8,73.2691349825668,0.135,23.7193911317009,17,96.7870642587148,8.5,87.7205040091638,53.7077359201028,6.55770388791213,79.639079029247,28.57,22.8315054835494,5.17,56.8770849371311,8.12,14.4441674975075,3.5,13.6674259681093,0.8,4.58790093382054,13.2,17.713567839196,8.3,77.0952628839146,13.8,32.2686945500634,30.2254115372084,3.13535758322414,20.2723146747353
6037271701,5694,Los Angeles,90034,Los Angeles,-118.4192255,34.027115,20.5225624056465,38.8426626323752,35-40%,0.04632538,46.994399502178,11.77449393,68.8114499066584,0.523463031,90.7902924704418,440.6380342,52.7163731734732,39.46239304,36.3831127914304,0,0,1850.626628,77.6569142285571,3094.878739,96.3375,0,0,0,0,0.345,55.4202514890801,0,0,1,35.7159221076747,45.2165817458452,5.52093564982768,57.2993154947106,30.71,26.1964107676969,4.58,40.6594816525532,10.74,36.0044865403789,4.9,20.8554796254113,6.4,45.3782649884964,18.2,30.0376884422111,6.6,63.4174908901614,12.8,27.2243346007605,35.8347223481422,3.71722543194052,28.5552193645991
6037701000,5936,Los Angeles,90212,Beverly Hills,-118.4057737,34.0618645,20.3605402129689,38.4266263237519,35-40%,0.0482775,55.3827006845053,11.7922658,69.4710640945862,0.463755502,88.2762912258868,425.8021915,49.082053203447,57.97126334,62.9489603024575,0,0,1607.164388,74.6436609152288,1132.99111,65.7375,10.75,62.896603210153,0,0,0.82,81.8795499669093,0,0,2.5,59.1752577319588,52.3919465961107,6.39704627280707,76.5401369010579,31.1,27.006480558325,3.92,24.7626379266102,10.47,33.9232303090728,2,5.85927613262465,4.2,32.6431181485993,14.9,21.7211055276382,6.5,62.402394586153,15.5,41.3814955640051,30.6827971282367,3.18280333527032,20.8900655572365
6037271600,4811,Los Angeles,90066,Los Angeles,-118.4304607,34.0210549,20.2868223143603,38.1744831064044,35-40%,0.04632538,46.994399502178,11.78676393,69.2968263845675,0.324723862,78.8923459863099,440.6380342,52.7163731734732,62.93049042,69.892879647133,0,0,1829.602031,77.3818454613653,3143.950715,96.475,0,0,3,22.1152249709447,0.525,70.9331568497684,0,0,1,35.7159221076747,49.5550927748114,6.05066698470885,69.2594897324207,21.68,11.203888334995,3.94,25.211701308699,7.87,12.6620139581256,2.9,10.3138445963047,8.9,57.4096630125863,29.2,52.5251256281407,5.5,51.2623633524206,21.8,69.9112801013942,32.3218282693879,3.35282413750895,23.3862834089763
6037265202,3981,Los Angeles,90024,Los Angeles,-118.4411825,34.0619002,20.2532504422081,38.124054462935,35-40%,0.04939042,59.6888612321095,11.74779166,67.9278158058494,0.370778244,82.7006845052894,440.6380342,52.7163731734732,29.8647597,23.7807183364839,0,0,1492.631653,73.1932983245811,2013.774252,87.3375,13.1,71.70586039567,0.8,4.44960982898888,0.745,79.801455989411,0,0,0,0,47.6758993624202,5.82121784231884,64.0323584318606,14.71,3.46460618145563,3.02,9.50731331793687,11.3,40.4785643070788,7.6,32.6246519868388,5.2,38.6114494518879,33.9,60.0125628140703,3.6,25.2342529932327,29.6,89.8352344740177,33.54022913975,3.47921190905654,25.0882501260716
6037702901,9852,Los Angeles,90292,Marina del Rey,-118.4532292,33.9815095,20.0716645744235,37.6828038325769,35-40%,0.04490202,39.9875544492844,11.69453379,66.0734287492221,0.733539074,95.9427504667081,619.9855645,69.6890221056576,22.26206163,14.8078134845621,0,0,2149.669658,80.5701425356339,1199.941095,68.6875,20.15,81.9708846584547,44.65,88.0790303835298,0.46,66.6048974189279,29,99.685006299874,13.5,95.0057273768614,65.0695540584322,7.94497962581166,95.9054138145613,27.53,20.9995014955135,4.04,27.5981524249423,10.07,30.4461615154536,1.1,2.30321437610731,1.4,10.4479631885235,19,32.0477386934673,2.8,14.3935450286309,17.7,52.6108998732573,24.3543053553169,2.52633304548884,12.5693393847706
6037267901,2428,Los Angeles,90067,Los Angeles,-118.4137159,34.056456,20.0433235783777,37.6575895108422,35-40%,0.0482775,55.3827006845053,11.7669605,68.4380833851898,0.22080608,65.6253889234599,440.6380342,52.7163731734732,11.43977733,4.83931947069943,0,0,1619.640625,74.8562140535134,1560.559103,79.275,5.2,43.0384471817842,0.3,2.10858376224473,0.77,80.6882859033752,0,0,0,0,41.8167777640637,5.10582025895299,48.0522713130056,14.99,3.75124626121635,7.37,92.9561200923788,5.57,2.18095712861416,1.1,2.30321437610731,12.2,69.2245229395047,18.7,31.2562814070352,NA,NA,21.3,68.1115335868188,37.8433312857181,3.92558346393647,31.8709026727181
6037700902,7352,Los Angeles,90212,Beverly Hills,-118.3944002,34.0620828,19.9110650246306,37.3550176500252,35-40%,0.0482775,55.3827006845053,11.71558023,66.8077162414437,0.106156848,39.3901680149347,429.2485512,49.6815286624204,54.23538531,57.5425330812854,0,0,1634.772054,75.0312578144536,1011.600914,58.65,0.6,8.04404628592759,8,40.7604183961481,0.5,69.3977498345467,0,0,2.5,59.1752577319588,45.365656858159,5.5391376914305,57.5606720597386,33.03,30.4586241276171,3.88,23.9158326918142,10.72,35.7552342971087,1.9,5.50493545937737,7,48.721071863581,18.8,31.5452261306533,5.5,51.2623633524206,19.1,59.277566539924,34.6527315206856,3.59461456526612,26.8784669692385
6037265700,4636,Los Angeles,90024,Los Angeles,-118.4236856,34.0632,19.9022604321859,37.3045890065557,35-40%,0.04863521,56.9632856253889,11.65891195,64.6919726197884,0.354895238,81.6303671437461,440.6380342,52.7163731734732,35.96789709,31.8084436042848,0,0,1542.366333,73.805951487872,1421.451586,76.025,9.25,58.9585666293393,6,35.0157728706625,0.32,52.6406353408339,0,0,0,0,46.2444477939352,5.6464378901351,60.261356565028,16.21,4.84795613160518,4.25,32.4736977161919,10.28,32.1161515453639,4.6,19.2862566438876,12.5,69.9824062796048,20.9,36.105527638191,3.3,21.1087975013014,24.1,77.5792141951838,33.9791877913437,3.52474618855848,25.6681795259708
6037211000,5124,Los Angeles,90020,Los Angeles,-118.3317418,34.0677859,19.7969803887425,36.9263741805345,35-40%,0.04753555,50.9894212818917,11.97046367,76.9010578718108,0.151757323,51.6365899191039,787.9403354,92.5315349069564,69.13835418,77.9206049149338,0,0,1662.838013,75.3938484621155,1052.104189,61.25,8.1,53.5274356103024,8.5,42.0720571143948,0.605,74.9040370615486,0,0,0,0,51.9188234321507,6.3392780284637,75.4698195395146,29.96,24.8255234297109,3.32,13.2409545804465,9.38,24.4391824526421,2.2,6.94760820045558,11,65.624577074029,17.3,27.8517587939699,6.1,58.3550234252993,14.9,38.0988593155894,30.1053927580675,3.12290773489552,20.1210287443268
6037269906,3158,Los Angeles,90034,Los Angeles,-118.4031746,34.0249593,19.697950946873,36.7246596066566,35-40%,0.04588368,44.9782202862477,11.69483322,66.110765401369,0.624812767,93.6652146857498,440.6380342,52.7163731734732,26.36645952,19.521109010712,0,0,1932.641642,78.5446361590398,1148.837302,66.35,0,0,7.5,39.4487796779014,0.25,43.2958305757776,0,0,0.75,25.7273768613975,42.3886590340544,5.17564684842645,49.7075295581829,34.49,32.5024925224327,4.66,42.802155504234,11.8,44.5289132602193,6.2,26.9425461908378,4.7,35.9994586547571,19.5,33.2035175879397,2.2,7.7693909422176,20.1,63.2572877059569,36.6894803226519,3.8058916158203,29.9293998991427
6037273100,2742,Los Angeles,90291,Los Angeles,-118.4597985,34.0034867,19.5468463755405,36.3212304589007,35-40%,0.04632538,46.994399502178,11.64254863,64.1692594897324,0.16083971,53.8767890479154,440.6380342,52.7163731734732,68.84772414,77.5425330812854,0,0,1803.93337,77.0317579394849,884.5109643,50.3375,3.2,31.9335572974991,2.25,14.9261165532127,0.26,44.7253474520185,5,51.2179756404872,2,52.8980526918671,48.2691209951781,5.89365008584735,65.9116365899191,28.97,23.3424725822532,6.63,85.4631768026687,8.2,14.7432701894317,3.2,12.0222728423184,0.7,3.73528217620788,15.4,22.927135678392,2.6,11.8688183237897,20.1,63.2572877059569,31.9725662683921,3.31659431605536,22.7054967221382
6037269904,3927,Los Angeles,90034,Los Angeles,-118.411879,34.027809,19.4703618564174,36.0943015632879,35-40%,0.04632538,46.994399502178,11.80798017,69.9191039203485,0.559347821,91.698817672682,440.6380342,52.7163731734732,37.96060376,34.2407057340895,0,0,1875.489726,77.8819704926232,2287.328104,90.5625,0,0,1.5,10.6425369417234,0.045,5.57246856386499,0,0,0,0,39.7488229083221,4.85332338182346,42.1779713752334,32.13,28.9506480558325,3.88,23.9158326918142,11.06,38.3225324027916,2,5.85927613262465,8,53.3631073216944,19,32.0477386934673,8,75.3774076002082,21.3,68.1115335868188,38.6740751918877,4.01175860840786,33.3585476550681
6037275311,5462,Los Angeles,90066,Los Angeles,-118.4233089,33.9882746,19.3720045344642,35.89258698941,35-40%,0.04490202,39.9875544492844,11.64347745,64.1941505911637,0.224968674,66.3347853142502,440.6380342,52.7163731734732,42.22165992,40.2016383112791,0,0,2190.579285,80.8327081770443,1148.390861,66.325,0,0,27.05,77.0048148763075,0.73,79.3646591661152,14,93.3641327173457,0,0,50.8649246186925,6.21059719267568,72.4704418170504,32.14,29.0628115653041,2.56,5.02950987939441,11.06,38.3225324027916,9,38.1295874462161,6.6,46.5421572607931,16.3,25.251256281407,5,44.3519000520562,12.5,25.7287705956907,30.0695094715313,3.11918547177881,20.095814422592
6037275602,12100,Los Angeles,90094,Los Angeles,-118.4172475,33.9769997,19.2623486951208,35.7665153807363,35-40%,0.04435661,37.5731176104543,11.65962976,64.7168637212197,0.207260265,63.4349719975109,440.6380342,52.7163731734732,1.419534413,0.239445494643982,0,0,2393.0967,81.9954988747187,1547.111289,79.025,12.5,70.1754385964912,92.5,96.1314959322597,0.91,83.6267372600927,28,99.6010079798404,0.25,11.5922107674685,55.7168986084119,6.803022253076,83.6714374611077,26.75,19.5663010967099,4.18,30.8442391583269,9.17,22.4825523429711,1.6,4.21412300683371,3.3,26.4041142238463,12.9,16.821608040201,4.6,39.2113482561166,20.5,64.8162230671736,27.2955904257518,2.8314399069342,16.2884518406455
6037271802,5644,Los Angeles,90034,Los Angeles,-118.4124738,34.0198929,18.8405693021423,34.8209783156833,30-35%,0.04588368,44.9782202862477,11.66040963,64.7542003733665,0.347371855,80.8711885500933,440.6380342,52.7163731734732,42.83042686,41.0207939508507,0,0,1953.627686,78.7696924231058,1705.499547,82.125,0,0,0.3,2.10858376224473,0.2,35.6187954996691,0,0,0.75,25.7273768613975,41.3332728046488,5.04678439944671,46.7703795892968,34.49,32.5024925224327,3.22,11.6371567872723,11.8,44.5289132602193,9.5,40.0658061250316,0.9,5.64352415753147,19.2,32.4874371859296,6.2,59.3831337844872,23.1,74.5247148288973,35.9885553698418,3.73318291627592,28.8325769036813
6037265602,3044,Los Angeles,90024,Los Angeles,-118.434157,34.0602409,18.4002120077616,33.6737266767524,30-35%,0.04899293,57.7722464219042,11.65326691,64.5301804604854,0.194830491,61.0703173615432,440.6380342,52.7163731734732,19.27378543,11.4051669817265,0,0,1538.888367,73.7434358589647,2502.63147,92.6125,7,50.3172825681224,0.75,4.41640378548896,0.28,46.8034414295169,0,0,0,0,41.25666020705,5.0374300164974,46.5463596764157,18.77,7.56480558325025,5.06,54.1185527328714,12.33,49.1650049850449,2.7,9.28878764869653,12.4,69.7929354445798,15.7,23.6557788944724,NA,NA,13.6,31.1660329531052,35.2126690844678,3.65269829010062,27.672718103883
6037273600,2375,Los Angeles,90291,Los Angeles,-118.4599433,33.9933608,18.221766650586,33.320726172466,30-35%,0.04588368,44.9782202862477,11.63925882,64.1443683883012,0.174358011,57.2370877411325,440.6380342,52.7163731734732,57.76741478,62.6717076244486,0,0,1893.46698,78.0695173793448,1245.907155,70.475,0,0,16.5,62.3775527145941,0.17,29.2389146260754,14,93.3641327173457,7.5,84.7422680412371,53.8392140893625,6.57375734626332,79.8879900435594,34.71,32.8888334995015,3.52,16.6281755196305,9.61,26.296111665005,5.7,24.6013667425968,3.8,30.0175937203952,12.1,14.786432160804,5.2,46.9937532535138,12.2,24.4613434727503,26.7215690490288,2.77189523293611,15.5446293494705
6037700901,3600,Los Angeles,90035,Beverly Hills,-118.3853968,34.064565,18.07150117325,32.9046898638427,30-35%,0.04791979,53.7274424393279,11.699038,66.2227753578096,0.165412577,55.0715619166148,432.4547749,50.3809166978893,56.63600675,60.9829867674858,0,0,1661.440999,75.3813453363341,1317.648015,72.8375,2,25.625233296006,13.75,55.6367258841109,0.425,63.6002647253475,0,0,0.7,24.8339060710195,47.5301193747207,5.80341813477691,63.6963285625389,32.83,30.0224327018943,4.2,31.3317936874519,8.69,18.5194416749751,3.6,14.1736269298912,10.6,64.1358776559751,12.9,16.821608040201,3.1,18.3107756376887,17.9,53.6248415716096,30.0189509942568,3.11394091439953,19.9823499747857
6037274202,4284,Los Angeles,90292,Los Angeles,-118.460713,33.9719816,17.6830328485475,31.9843671205245,30-35%,0.04539285,42.5637834474175,11.64839617,64.3808338518979,0.326255593,79.0292470441817,440.6380342,52.7163731734732,21.88055078,14.4423440453686,0,0,2125.193339,80.4201050262566,483.2338853,19.6875,13,71.6312056737589,6,35.0157728706625,0.06,8.76240900066181,27,99.5590088198236,1.5,42.3138602520046,46.5888326568437,5.68848721349129,61.144990665837,26.81,19.7033898305085,4.96,51.3086989992302,9.7,27.0687936191426,3.5,13.6674259681093,5.5,40.4384896467722,22.6,39.8241206030151,3.2,19.5861530452889,11.9,22.6869455006337,29.9671272178621,3.1085651043759,19.8814926878467
6037216300,4367,Los Angeles,90036,Los Angeles,-118.3622105,34.0599709,17.6044003045108,31.8456883509834,30-35%,0.04753555,50.9894212818917,11.82297189,70.4169259489732,0.424856753,86.2974486621033,805.7726137,94.1051579867616,49.23582996,50.59861373661,0,0,1727.997009,76.1440360090022,1253.139199,70.8125,0.1,2.07166853303471,40.6,86.385522165034,1.265,88.5373924553276,0,0,4,70.4238258877434,58.1082359048545,7.09500406198189,87.9527069072806,29.55,24.28963110668,2.52,4.70875032075956,8.39,16.3260219341974,3.4,13.1106049101493,7.4,50.5210447963188,14.9,21.7211055276382,4.4,36.4393545028631,15.6,41.8631178707224,23.9195899877087,2.48123893245429,11.9894099848714
6037265410,1495,Los Angeles,90049,Los Angeles,-118.4644168,34.066976,17.5759735075759,31.7448310640444,30-35%,0.05022962,62.5264467952707,11.54047452,61.8543870566273,0.336012955,79.9128811449907,440.6380342,52.7163731734732,69.83653846,78.9666036546944,0.0000531,1.24137931034483,1394.795349,71.3678419604901,3404.790482,97.4625,0,0,0.5,2.72289556699319,0.2,35.6187954996691,0,0,0.2,9.66781214203895,45.371334638571,5.53983094729103,57.647790914748,15.21,4.10019940179462,6.14,77.9445727482679,8.62,18.1331006979063,0,0,NA,NA,16.6,25.9798994974874,5.4,49.8568453930245,14.4,35.2724968314322,30.5849673565711,3.17265520821904,20.7513867876954
6037702501,4965,Los Angeles,90232,Culver City,-118.3963576,34.0146198,17.4425175937797,31.3414019162885,30-35%,0.04539285,42.5637834474175,11.68561304,65.8120721841942,0.370795888,82.713130056005,261.4413203,15.21168977145,58.82874708,64.2218021424071,0,0,2079.03241,80.0700175043761,1247.476847,70.575,7,50.3172825681224,17.5,64.2204881288394,0.34,54.824619457313,7,66.7366652666947,15,96.0137457044674,57.2381446671833,6.98876609468788,86.5588052271313,35.85,34.7831505483549,3.33,13.4975622273544,10.92,37.1759720837488,5,21.3743356112377,2.9,22.8989037758831,6.2,2.91457286432161,3.9,29.4117647058824,11.7,21.5716096324461,24.0598994688868,2.49579358608634,12.1533030761473
6037217001,2724,Los Angeles,90035,Los Angeles,-118.38703,34.0523836,17.3289473624608,31.1270801815431,30-35%,0.04716458,50.5413814561294,11.68010796,65.6129433727443,0.097398786,36.3907902924704,440.6380342,52.7163731734732,70.76297897,80.0882167611846,0,0,1735.764588,76.2190547636909,752.3383789,40.55,0.5,7.70810003732736,8.25,41.4245392661464,0.13,22.3692918596956,0,0,0,0,38.276692062519,4.67357649795929,38.1580584940884,27.66,21.2861415752742,4.29,33.4359763920965,9.6,26.2213359920239,2.9,10.3138445963047,9,57.7615374204899,24.5,43.5301507537688,3.9,29.4117647058824,25.5,81.5209125475285,35.7443966622965,3.70785572249165,28.4039334341906
6037272100,4578,Los Angeles,90066,Los Angeles,-118.4422881,34.0037101,16.8628835091328,30.1185073121533,30-35%,0.04588368,44.9782202862477,11.68678342,65.8618543870566,0.182720654,58.7305538270069,440.6380342,52.7163731734732,62.3380006,68.8846880907372,0,0,1903.118632,78.1695423855964,920.508021,53.025,0,0,1.8,11.3066578117217,0.66,77.0218398411648,0,0,0,0,41.0857525227023,5.01656222218583,45.9614187927816,34.75,32.9760717846461,3.28,12.5866050808314,12.11,46.7846460618146,9.7,40.8124525436598,3.4,27.2567329814589,21.7,37.6381909547739,3.4,22.5663716814159,15.6,41.8631178707224,32.4049070910851,3.36144211160313,23.5753908219869
6037267902,3365,Los Angeles,90064,Los Angeles,-118.4201983,34.0475522,16.793451049848,29.9293998991427,25-30%,0.04791979,53.7274424393279,11.76246181,68.301182327318,0.118982721,43.1238332296204,440.6380342,52.7163731734732,42.55278781,40.6049149338374,0,0,1673.95929,75.4813703425856,1393.523954,75.25,0,0,25.3,75.1618794620621,0.53,71.14493712773,0,0,0,0,43.8542141431664,5.35459083614677,53.6029869321717,22.17,12.0014955134596,5.78,70.6055940467026,8.95,20.6006979062812,1.9,5.50493545937737,3.7,29.5303830017594,14.5,20.8040201005025,3,17.1134825611661,18.7,57.3764258555133,30.2342226089058,3.13627157774258,20.2849218356026
6037264103,2658,Los Angeles,90049,Los Angeles,-118.4662763,34.0549771,16.6616350445432,29.5511850731215,25-30%,0.04939042,59.6888612321095,11.75489665,68.1393901680149,0.09729,36.3534536403236,440.6380342,52.7163731734732,43.88184066,42.7977315689981,0.002185685,6.86206896551724,1442.932637,72.2430607651913,857.6008639,48.4,4.15,37.9432624113475,7.5,39.4487796779014,0.37,58.2660489741893,0,0,0.5,22.0847651775487,42.7829353755348,5.22378791140636,51.014312383323,15.21,4.10019940179462,3.78,21.6191942519887,8.62,18.1331006979063,6.8,29.2963806631233,4,31.3032886723508,17,27.0477386934673,6.9,66.6059344091619,25,80.1394169835234,30.7480250007776,3.18956958573334,21.0035300050429
6037275400,4069,Los Angeles,90066,Los Angeles,-118.4391729,33.9906137,16.4885425989367,29.059505799294,25-30%,0.04490202,39.9875544492844,11.67530401,65.3640323584319,0.138941969,48.3758556316117,440.6380342,52.7163731734732,27.24888103,20.6553245116572,0,0,2056.794678,79.9699924981245,1212.734312,69.2,29.5,88.4658454647256,40.5,86.3357130997842,0.545,71.9920582395764,10,82.9693406131877,4.5,72.3940435280641,58.1662277815711,7.1020848586101,88.1642812694462,23.7,14.1949152542373,4.55,39.8896587118296,8.39,16.3260219341974,5.4,23.2978992660086,2.3,18.1079983759643,11.8,14.2713567839196,4.9,43.0895366996356,8.3,7.69328263624842,22.3811066928884,2.32164820995444,10.249621785174
6037265520,5059,Los Angeles,90024,Los Angeles,-118.4423998,34.0513698,15.8695216147447,27.4962178517398,25-30%,0.04863521,56.9632856253889,11.78930596,69.4088363410081,0.398675031,84.8164281269446,440.6380342,52.7163731734732,26.73150898,20.0378071833648,0.00000409,0.206896551724138,1564.220317,74.1685421355339,3332.664108,97.2,10.9,63.0645763344532,2,14.3118047484642,0.175,30.1654533421575,0,0,4.2,70.9049255441008,49.8562980927315,6.08744409419868,69.968886123211,14.36,3.20289132602193,3.97,25.9045419553503,7.64,11.0792622133599,1.9,5.50493545937737,6.6,46.5421572607931,14.4,20.6030150753769,7.1,68.4018740239459,15.9,43.2826362484157,25.1312443892462,2.60692687590648,13.4896621280888
6037271902,4207,Los Angeles,90066,Los Angeles,-118.4316771,34.0096289,15.8401527090743,27.4331820474029,25-30%,0.04588368,44.9782202862477,11.63080991,63.92034847542,0.170884174,56.502800248911,440.6380342,52.7163731734732,56.93251605,61.3988657844991,0,0,1920.929342,78.4321080270067,740.905432,39.5625,0,0,0,0,0.135,23.7193911317009,0,0,0,0,34.7072274084099,4.23774557269299,28.301182327318,35.21,33.8235294117647,3.64,19.0017962535284,12.29,48.629112662014,13.5,51.8855985826373,3.1,24.766544863987,22.9,40.3391959798995,4.9,43.0895366996356,13.6,31.1660329531052,36.0337639624776,3.73787251673258,28.9334341906203
6037267100,6649,Los Angeles,90025,Los Angeles,-118.4245499,34.0525736,15.5152837754821,26.7650025214322,25-30%,0.04791979,53.7274424393279,11.816624,70.2551337896702,0.448107023,87.3926571250778,440.6380342,52.7163731734732,49.3875677,50.7876496534342,0,0,1616.322672,74.7811952988247,1564.764647,79.375,0.5,7.70810003732736,9.25,44.1806408766396,0.345,55.4202514890801,0,0,0,0,46.2402204501871,5.64592173230314,60.2115743621655,19.12,7.97607178464606,3.54,16.9745958429561,8.4,16.4755732801595,5.2,22.2222222222222,10.2,62.6607118689945,15.7,23.6557788944724,5.4,49.8568453930245,14.8,37.4778200253485,26.4917113250332,2.74805151596619,15.3177004538578
6037271400,3743,Los Angeles,90066,Los Angeles,-118.4473996,34.0100779,13.994524347437,23.0458900655572,20-25%,0.04632538,46.994399502178,11.68678342,65.8618543870566,0.118691349,43.0616054760423,685.45806,75.6712876233296,58.33755061,63.5160680529301,0,0,1817.564311,77.1942985746437,840.2841837,47.075,7,50.3172825681224,4.05,26.2991864519343,0.07,9.55658504301787,0,0,0.2,9.66781214203895,41.3372672150226,5.04727211615994,46.8201617921593,31.7,28.2402791625125,5.45,63.3179368745189,11.02,37.9860418743769,1.8,5.09997468995191,2.1,16.3621599675193,11,12.4497487437186,2.8,14.3935450286309,6.3,3.07984790874525,26.729237285758,2.77269067832315,15.5698436712052
6037269100,4274,Los Angeles,90035,Los Angeles,-118.3948253,34.0530704,13.7612430508818,22.3777105395865,20-25%,0.04791979,53.7274424393279,11.68010796,65.6129433727443,0.080511114,30.0808960796515,440.6380342,52.7163731734732,51.39654482,53.4341524889729,0,0,1703.123332,75.8189547386847,552.9473505,24.9375,0.5,7.70810003732736,11,49.8256682716254,0.325,53.5142289874255,0,0,0,0,37.0972216774964,4.52956339822546,34.6235220908525,25.35,17.1734795613161,3.67,19.5919938414165,8.97,20.7751744765703,7.7,32.9410275879524,6.9,48.1932602517255,12.2,15.0251256281407,4.1,32.274856845393,21.4,68.5424588086185,29.2877808920668,3.03809480981611,18.9989914271306
6037273800,2872,Los Angeles,90291,Los Angeles,-118.4512626,33.9927102,13.5465292807722,21.8229954614221,20-25%,0.04588368,44.9782202862477,11.67264265,65.3142501555694,0.214415446,64.5052893590541,440.6380342,52.7163731734732,43.73343045,42.5708884688091,0,0,1949.427327,78.7321830457614,1034.571123,60.2375,4.35,38.4845091452034,21.25,69.7991034368255,0.715,78.8219722038385,14,93.3641327173457,7.95,85.2233676975945,58.4674310541301,7.13886171836174,88.6745488487866,31.65,28.0159521435693,2.99,9.08391070053888,9.08,21.7347956131605,3.4,13.1106049101493,1.7,13.3035593449723,12.8,16.5577889447236,2.3,8.69338885996877,14,33.2065906210393,18.2929696776301,1.89757552607153,6.2279374684821
6037269300,3840,Los Angeles,90064,Los Angeles,-118.4122005,34.0444598,12.346093874201,18.8729198184569,15-20%,0.04716458,50.5413814561294,11.70761895,66.633478531425,0.075366154,28.1642812694462,440.6380342,52.7163731734732,55.02783401,58.8657844990548,0,0,1752.118001,76.3815953988497,1912.893128,85.6375,0,0,26.5,76.3572970280591,0.52,70.4831237590999,0,0,0,0,44.7010609131755,5.45799065855627,55.9427504667081,31.87,28.4521435692921,2.75,6.5050038491147,12.85,53.0284147557328,1.3,3.11313591495824,1.1,7.37582893490324,7.4,4.91206030150754,3.5,23.750650702759,13.8,32.2686945500634,21.8062974027757,2.26202180372855,9.63187090267272
6037273700,2895,Los Angeles,90291,Los Angeles,-118.4526783,33.9983793,12.0999749061599,18.2047402924861,15-20%,0.04588368,44.9782202862477,11.63925882,64.1443683883012,0.153298986,52.0472930927194,440.6380342,52.7163731734732,49.95348269,51.518588531821,0,0,1887.876363,78.0070017504376,1151.581813,66.4875,0,0,7.5,39.4487796779014,0.35,56.3997352746525,5,51.2179756404872,1.5,42.3138602520046,46.7836354915864,5.71227260091981,61.6179215930305,29.45,24.0154536390828,2.58,5.11932255581216,8.35,15.9272183449651,NA,NA,3.4,27.2567329814589,18.5,30.7788944723618,2.1,7.14471629359709,14.9,38.0988593155894,20.4202328061859,2.11824185425105,8.32072617246596
6037265601,3615,Los Angeles,90024,Los Angeles,-118.4327259,34.0558599,11.6948078212998,17.0196671709531,15-20%,0.04863521,56.9632856253889,11.78930596,69.4088363410081,0.315567538,78.0336029869322,440.6380342,52.7163731734732,43.25902252,41.7517328292376,0,0,1564.531677,74.1810452613153,1747.567905,82.825,2.7,29.1153415453527,3,22.1152249709447,0.225,39.7749834546658,0,0,0,0,44.0570263495105,5.37935416625694,54.2128189172371,15.2,4.02542372881356,3.45,15.3579676674365,9.45,25.0747756729811,0.3,0.151860288534548,4.6,35.3363107321694,17.3,27.8517587939699,2.4,9.72149921915669,19.9,62.4207858048162,20.9579159954032,2.17401707711639,8.87544125063036
6037271500,3187,Los Angeles,90066,Los Angeles,-118.4382414,34.0166822,8.71269113456421,9.95965708522441,5-10%,0.04632538,46.994399502178,11.59513461,63.1860609831985,0.207292054,63.4474175482265,440.6380342,52.7163731734732,50.38438037,52.1487082545684,0,0,1827.063375,77.3318329582396,825.4201228,46.0375,0,0,1.5,10.6425369417234,0.105,16.8762409000662,0,0,0.6,22.9553264604811,36.8534646551417,4.49980071421325,33.8021157436217,28.13,22.0837487537388,3.03,9.63561714139081,9.98,29.7731804586241,4,16.211085801063,2.5,19.8673704154825,10.4,11.0301507537688,3.8,28.2014575741801,8.6,8.85931558935361,18.6656957390104,1.93623933323179,6.44225920322743
6037269000,4813,Los Angeles,90064,Los Angeles,-118.404305,34.043325,8.26012428071098,9.07715582450832,5-10%,0.04712258,48.6994399502178,11.76824477,68.5376477909147,0.109868062,40.3360298693217,489.800243,59.8601223929062,44.81022267,44.1209829867675,0,0,1774.427653,76.6066516629157,1352.18753,73.8375,0.9,11.832773422919,18,65.3162875643367,1.025,85.3606882859034,0,0,0,0,45.1671811726309,5.51490384965061,57.1499688861232,20.3,9.58374875373878,3.86,23.2743135745445,7.6,10.8175473579262,2.5,8.41559098962288,1.3,9.46000812017864,8.7,7.37437185929648,2.1,7.14471629359709,15.1,39.2015209125475,14.4388890985592,1.49778210208221,3.35350479072113
6037269500,3797,Los Angeles,90034,Los Angeles,-118.3938372,34.0434085,7.47536773154221,7.58951084215835,5-10%,0.04716458,50.5413814561294,11.72153182,66.994399502178,0.101699575,37.8344741754823,440.6380342,52.7163731734732,64.2570276,71.9092627599244,0,0,1792.784668,76.9192298074519,585.2547876,27.2,0.1,2.07166853303471,6.75,36.808899219658,0.315,51.8861681005956,0,0,0,0,38.0607091297725,4.64720502477149,37.6228998133167,26.53,19.3045862412762,4.02,27.1234282781627,9.22,22.9187437686939,0.4,0.417615793470008,1.5,11.2735146839897,5.5,2.12311557788945,3.5,23.750650702759,5.6,1.92648922686946,15.5069316465199,1.60857282854866,4.07211296016137
6037265420,1838,Los Angeles,90049,Los Angeles,-118.4594426,34.0704417,5.73160585417835,4.17297024710035,1-5% (lowest scores),0.05022962,62.5264467952707,11.46050297,60.1617921593031,0.413859795,85.6253889234599,440.6380342,52.7163731734732,53.70121003,56.7863894139887,0.0000177,0.620689655172414,1391.427002,71.2928232058015,2377.140464,91.35,0,0,0,0,0.055,7.65056254136334,0,0,0,0,40.60002944663,4.95725553107626,44.542626011201,11.93,1.50797607178465,4.24,32.2684115986656,6.97,7.51495513459621,2.1,6.51733738294103,1.3,9.46000812017864,9.5,8.98241206030151,1.8,4.89328474752733,9.7,12.7883396704689,11.1460286656495,1.15620544840745,1.44982349974786
6037265301,11977,Los Angeles,90024,Los Angeles,-118.4454343,34.0710687,NA,NA,NA,0.04981739,60.9334163036714,11.7322535,67.3304293714997,0.467761378,88.4380833851898,440.6380342,52.7163731734732,NA,NA,0.00112013,5.10344827586207,1432.832987,72.0680170042511,1088.753919,63.35,0,0,0,0,0.625,75.8305757776307,0,0,0,0,44.0972543388846,5.38426599576906,54.3372744243933,4.28,0.0124626121635095,NA,NA,7,7.65204386839482,NA,NA,NA,NA,NA,NA,24.9,99.7917751171265,NA,NA,NA,NA,NA

===== HOSPITAL DATA =====

Facility ID,Facility Name,Address,City/Town,State,ZIP Code,County/Parish,Telephone Number,Hospital Type,Hospital Ownership,Emergency Services,Meets criteria for birthing friendly designation,Hospital overall rating,Hospital overall rating footnote,MORT Group Measure Count,Count of Facility MORT Measures,Count of MORT Measures Better,Count of MORT Measures No Different,Count of MORT Measures Worse,MORT Group Footnote,Safety Group Measure Count,Count of Facility Safety Measures,Count of Safety Measures Better,Count of Safety Measures No Different,Count of Safety Measures Worse,Safety Group Footnote,READM Group Measure Count,Count of Facility READM Measures,Count of READM Measures Better,Count of READM Measures No Different,Count of READM Measures Worse,READM Group Footnote,Pt Exp Group Measure Count,Count of Facility Pt Exp Measures,Pt Exp Group Footnote,TE Group Measure Count,Count of Facility TE Measures,TE Group Footnote,lat,lng
50149,CALIFORNIA HOSPITAL MEDICAL CENTER LA,1401 SOUTH GRAND AVENUE,LOS ANGELES,CA,90015,LOS ANGELES,(213) 748-2411,Acute Care Hospitals,Voluntary non-profit - Other,Yes,Y,3,,7,4,0,4,0,,8,8,1,7,0,,11,6,0,6,0,,8,8,,12,9,,34.03932,-118.26625
50262,RONALD REAGAN UCLA MEDICAL CENTER,757 WESTWOOD PLAZA,LOS ANGELES,CA,90095,LOS ANGELES,(310) 825-6301,Acute Care Hospitals,Government - State,Yes,Y,4,,7,7,2,5,0,,8,6,3,3,0,,11,10,0,8,2,,8,8,,12,9,,34.07121,-118.44334
50471,PIH HEALTH GOOD SAMARITAN HOSPITAL,1225 WILSHIRE BOULEVARD,LOS ANGELES,CA,90017,LOS ANGELES,(213) 977-2121,Acute Care Hospitals,Proprietary,No,Y,2,,7,7,0,7,0,,8,7,1,6,0,,11,9,0,6,3,,8,8,,12,10,,34.05306,-118.26447
50561,KAISER FOUNDATION HOSPITAL - WEST LA,6041 CADILLAC AVE,LOS ANGELES,CA,90034,LOS ANGELES,(213) 857-2201,Acute Care Hospitals,Voluntary non-profit - Private,No,Y,3,,7,Not Available,Not Available,Not Available,Not Available,5.0,8,6,2,4,0,,11,1,0,1,0,,8,8,,12,6,,34.03059,-118.39936
50740,CEDAR-SINAI MARINA DEL REY HOSPITAL,4650 LINCOLN BLVD,MARINA DEL REY,CA,90292,LOS ANGELES,(310) 823-8911,Acute Care Hospitals,Proprietary,Yes,,4,,7,4,1,3,0,,8,6,1,5,0,,11,6,0,4,2,,8,8,,12,8,,33.97865,-118.44707
50785,DOCS SURGICAL HOSPITAL,6000 SAN VICENTE BLVD,LOS ANGELES,CA,90036,LOS ANGELES,(323) 930-1040,Acute Care Hospitals,Physician,No,,Not Available,16.0,7,Not Available,Not Available,Not Available,Not Available,5.0,8,2,0,2,0,,11,2,0,2,0,,8,8,,12,2,,34.07013,-118.34978
05128F,VA GREATER LOS ANGELES HEALTHCARE SYSTEM,11301 WILSHIRE BLVD.,LOS ANGELES,CA,90073,LOS ANGELES,(310) 478-3711,Acute Care - Veterans Administration,Veterans Health Administration,Yes,,3,,7,5,2,3,0,,8,4,0,4,0,,11,6,0,3,3,,8,8,,12,6,,34.05738,-118.45956
54009,RESNICK NEUROPSYCHIATRIC HOSPITAL AT UCLA,150 MEDICAL PLAZA-RM-4230C,LOS ANGELES,CA,90095,LOS ANGELES,(310) 825-6962,Psychiatric,Government - State,Yes,,Not Available,19.0,Not Available,Not Available,Not Available,Not Available,Not Available,19.0,Not Available,Not Available,Not Available,Not Available,Not Available,19.0,Not Available,Not Available,Not Available,Not Available,Not Available,19.0,Not Available,Not Available,19.0,Not Available,Not Available,19.0,34.07121,-118.44334
